employee_id,company_name,work_email,dob,action_type,members,effective_date,cessation_date,event_date,intimation_date,base_premium
EMP-9041,TechCorp India Pvt Ltd,rahul.mehta@techcorp.in,12-03-1990,NEW_HIRE_ADDITION,SELF|SPOUSE,2026-06-15,,,,6575.34
EMP-4412,TechCorp India Pvt Ltd,ananya.roy@techcorp.in,05-11-1988,RESIGNATION_DELETION,SELF|SPOUSE,,2026-06-30,,,6049.31
EMP-7120,TechCorp India Pvt Ltd,vikram.singh@techcorp.in,20-01-1985,LIFE_EVENT_ADDITION,CHILD,,,2026-01-01,2026-05-22,850.00
EMP-3108,TechCorp India Pvt Ltd,priya.nair@techcorp.in,09-09-1982,DEPENDENT_MODIFICATION,PARENT|PARENT_IN_LAW,2026-07-01,,,,0.00
EMP-5533,TechCorp India Pvt Ltd,kavita.desai@techcorp.in,14-02-1993,LIFE_EVENT_ADDITION,SPOUSE,,,2026-06-10,2026-06-20,3200.00
EMP-6210,TechCorp India Pvt Ltd,arjun.kapoor@techcorp.in,30-07-1980,DEPENDENT_MODIFICATION,CHILD|CHILD|CHILD,2026-07-01,,,,500.00
EMP-10000,Bluewave Logistics India Pvt Ltd,sneha.reddy10000@bluewavelogistics.in,29-08-2004,NEW_HIRE_ADDITION,SELF|CHILD,2026-10-21,,,,4470.34
EMP-10001,Harborline Shipping & Freight Pvt Ltd,mohit.khanna10001@harborlineshippingandfreight.in,09-09-1998,LIFE_EVENT_ADDITION,SPOUSE,,,2026-05-03,2026-05-05,654.36
EMP-10002,TechCorp India Pvt Ltd,rohan.malhotra10002@techcorp.in,20-07-2001,DEPENDENT_MODIFICATION,PARENT,2026-09-09,,,,503.03
EMP-10003,Crestview Retail Ventures Pvt Ltd,manish.shetty10003@crestviewretailventures.in,18-06-1998,RESIGNATION_DELETION,SELF,,2026-06-24,,,1400.76
EMP-10004,Pinnacle Pharma Labs Ltd,aakash.verma10004@pinnaclepharmalabs.in,09-07-1985,NEW_HIRE_ADDITION,SELF|SPOUSE|CHILD,2026-01-13,,,,6480.22
EMP-10005,Vertex Semiconductors India Pvt Ltd,ritu.chatterjee10005@vertexsemiconductors.in,10-12-1983,NEW_HIRE_ADDITION,SELF|CHILD,2026-03-01,,,,3650.47
EMP-10006,Harborline Shipping & Freight Pvt Ltd,tarun.saxena10006@harborlineshippingandfreight.in,11-11-1982,DEPENDENT_MODIFICATION,SPOUSE,2026-05-13,,,,1151.03
EMP-10007,Nimbus Cloudworks Pvt Ltd,rekha.desai10007@nimbuscloudworks.in,11-08-1996,RESIGNATION_DELETION,SELF,,2026-11-15,,,3677.04
EMP-10008,Ferrous Steel Works Pvt Ltd,neha.joshi10008@ferroussteelworks.in,11-02-2003,DEPENDENT_MODIFICATION,CHILD|CHILD,2026-11-17,,,,1119.59
EMP-10009,Harborline Shipping & Freight Pvt Ltd,naveen.verma10009@harborlineshippingandfreight.in,08-02-2001,DEPENDENT_MODIFICATION,SPOUSE|SPOUSE,2026-08-10,,,,1663.68
EMP-10010,Sundale Agro Exports Pvt Ltd,rahul.roy10010@sundaleagroexports.in,31-05-1994,DEPENDENT_MODIFICATION,CHILD|CHILD,2026-08-23,,,,1843.02
EMP-10011,Harborline Shipping & Freight Pvt Ltd,amit.trivedi10011@harborlineshippingandfreight.in,07-12-1985,RESIGNATION_DELETION,SELF|CHILD,,2026-08-11,,,4537.51
EMP-10012,Pinnacle Pharma Labs Ltd,vikram.bansal10012@pinnaclepharmalabs.in,17-03-1979,RESIGNATION_DELETION,SELF,,2026-08-13,,,5418.53
EMP-10013,Vertex Semiconductors India Pvt Ltd,varun.gupta10013@vertexsemiconductors.in,19-03-1973,DEPENDENT_MODIFICATION,PARENT_IN_LAW,2026-09-03,,,,740.26
EMP-10014,Northgate Consulting Group Pvt Ltd,sanjay.das10014@northgateconsultinggroup.in,26-07-1971,RESIGNATION_DELETION,SELF,,2026-02-17,,,801.43
EMP-10015,Zenith Auto Components Ltd,bhavna.pillai10015@zenithautocomponents.in,15-05-1992,LIFE_EVENT_ADDITION,CHILD,,,2026-03-03,2026-03-27,2048.64
EMP-10016,Meridian Energy Systems Pvt Ltd,shreya.rao10016@meridianenergysystems.in,11-12-1971,NEW_HIRE_ADDITION,SELF|CHILD,2026-12-20,,,,5627.17
EMP-10017,Ferrous Steel Works Pvt Ltd,aditya.pillai10017@ferroussteelworks.in,21-03-1986,LIFE_EVENT_ADDITION,SPOUSE,,,2026-02-13,2026-02-18,3292.18
EMP-10018,Northgate Consulting Group Pvt Ltd,bhavna.verma10018@northgateconsultinggroup.in,07-07-1982,DEPENDENT_MODIFICATION,SPOUSE,2026-09-24,,,,1917.65
EMP-10019,Zenith Auto Components Ltd,deepak.mishra10019@zenithautocomponents.in,22-04-1967,DEPENDENT_MODIFICATION,SPOUSE,2026-11-27,,,,1020.78
EMP-10020,Pinnacle Pharma Labs Ltd,suresh.rao10020@pinnaclepharmalabs.in,12-03-1985,RESIGNATION_DELETION,SELF,,2026-09-12,,,7156.84
EMP-10021,Orbit Fintech Solutions Pvt Ltd,rakesh.kulkarni10021@orbitfintechsolutions.in,27-11-1971,LIFE_EVENT_ADDITION,CHILD,,,2026-08-11,2026-08-25,2214.30
EMP-10022,Zenith Auto Components Ltd,preeti.trivedi10022@zenithautocomponents.in,21-07-1989,RESIGNATION_DELETION,SELF|SPOUSE,,2026-11-28,,,6973.75
EMP-10023,Nimbus Cloudworks Pvt Ltd,vikram.bhatia10023@nimbuscloudworks.in,08-04-1985,DEPENDENT_MODIFICATION,CHILD|CHILD|CHILD,2026-11-25,,,,1421.89
EMP-10024,Granite Infra Projects Ltd,ananya.desai10024@graniteinfraprojects.in,26-03-2000,DEPENDENT_MODIFICATION,CHILD|CHILD|CHILD,2026-03-12,,,,1688.75
EMP-10025,Northgate Consulting Group Pvt Ltd,deepak.gupta10025@northgateconsultinggroup.in,28-11-1988,RESIGNATION_DELETION,SELF,,2026-07-16,,,2842.89
EMP-10026,Coral Reef Hospitality Pvt Ltd,manish.kapoor10026@coralreefhospitality.in,23-10-1985,RESIGNATION_DELETION,SELF|CHILD,,2026-05-28,,,3933.59
EMP-10027,Harborline Shipping & Freight Pvt Ltd,suresh.agarwal10027@harborlineshippingandfreight.in,11-12-1984,NEW_HIRE_ADDITION,SELF|SPOUSE|CHILD,2026-02-18,,,,6480.73
EMP-10028,Zenith Auto Components Ltd,rajesh.mehta10028@zenithautocomponents.in,31-05-2004,RESIGNATION_DELETION,SELF|SPOUSE|CHILD,,2026-07-28,,,4451.90
EMP-10029,TechCorp India Pvt Ltd,naveen.kapoor10029@techcorp.in,15-10-1980,DEPENDENT_MODIFICATION,SPOUSE,2026-06-30,,,,1241.57
EMP-10030,Granite Infra Projects Ltd,shreya.pillai10030@graniteinfraprojects.in,25-07-1990,NEW_HIRE_ADDITION,SELF|SPOUSE|CHILD,2026-12-10,,,,4523.42
EMP-10031,Coral Reef Hospitality Pvt Ltd,rohan.shetty10031@coralreefhospitality.in,29-04-1969,DEPENDENT_MODIFICATION,CHILD|CHILD|CHILD,2026-03-29,,,,120.85
EMP-10032,Orbit Fintech Solutions Pvt Ltd,manish.das10032@orbitfintechsolutions.in,23-12-1993,LIFE_EVENT_ADDITION,SPOUSE,,,2026-05-22,2026-05-24,1231.32
EMP-10033,Coral Reef Hospitality Pvt Ltd,suresh.kapoor10033@coralreefhospitality.in,28-06-1976,NEW_HIRE_ADDITION,SELF|CHILD,2026-05-12,,,,3577.34
EMP-10034,Bluewave Logistics India Pvt Ltd,rahul.roy10034@bluewavelogistics.in,21-07-1975,NEW_HIRE_ADDITION,SELF,2026-02-18,,,,5395.04
EMP-10035,Meridian Energy Systems Pvt Ltd,rakesh.yadav10035@meridianenergysystems.in,17-02-1979,LIFE_EVENT_ADDITION,CHILD,,,2026-07-26,2026-08-01,2200.98
EMP-10036,Bluewave Logistics India Pvt Ltd,kritika.rao10036@bluewavelogistics.in,18-10-1995,RESIGNATION_DELETION,SELF|SPOUSE|CHILD,,2026-07-19,,,2755.61
EMP-10037,Northgate Consulting Group Pvt Ltd,manish.roy10037@northgateconsultinggroup.in,27-05-2004,NEW_HIRE_ADDITION,SELF|SPOUSE|CHILD,2026-05-29,,,,5671.75
EMP-10038,Bluewave Logistics India Pvt Ltd,rekha.shetty10038@bluewavelogistics.in,28-04-1978,LIFE_EVENT_ADDITION,SPOUSE,,,2026-10-27,2027-04-14,3361.73
EMP-10039,Nimbus Cloudworks Pvt Ltd,sanjay.pillai10039@nimbuscloudworks.in,16-05-1997,DEPENDENT_MODIFICATION,SPOUSE,2026-03-25,,,,251.36
EMP-10040,Pinnacle Pharma Labs Ltd,manish.kulkarni10040@pinnaclepharmalabs.in,17-04-1966,RESIGNATION_DELETION,SELF|SPOUSE,,2026-07-02,,,3582.50
EMP-10041,Northgate Consulting Group Pvt Ltd,deepak.iyer10041@northgateconsultinggroup.in,21-09-1994,NEW_HIRE_ADDITION,SELF|SPOUSE,2026-04-04,,,,4437.61
EMP-10042,Crestview Retail Ventures Pvt Ltd,naveen.trivedi10042@crestviewretailventures.in,19-11-2004,NEW_HIRE_ADDITION,SELF|SPOUSE,2026-04-27,,,,956.53
EMP-10043,Harborline Shipping & Freight Pvt Ltd,shreya.pillai10043@harborlineshippingandfreight.in,30-09-1983,NEW_HIRE_ADDITION,SELF|SPOUSE|CHILD,2026-03-12,,,,7126.33
EMP-10044,Orbit Fintech Solutions Pvt Ltd,bhavna.singh10044@orbitfintechsolutions.in,22-10-1989,NEW_HIRE_ADDITION,SELF|SPOUSE|CHILD,2026-06-24,,,,5041.14
EMP-10045,Silverline Textiles Pvt Ltd,tarun.das10045@silverlinetextiles.in,11-07-1967,LIFE_EVENT_ADDITION,CHILD,,,2026-11-18,2027-04-18,486.55
EMP-10046,Sundale Agro Exports Pvt Ltd,rajesh.rao10046@sundaleagroexports.in,06-06-1998,DEPENDENT_MODIFICATION,CHILD,2026-07-24,,,,1123.18
EMP-10047,Granite Infra Projects Ltd,shreya.reddy10047@graniteinfraprojects.in,23-10-1981,RESIGNATION_DELETION,SELF|CHILD,,2026-10-08,,,6236.63
EMP-10048,Pinnacle Pharma Labs Ltd,preeti.chauhan10048@pinnaclepharmalabs.in,06-06-1973,NEW_HIRE_ADDITION,SELF|CHILD,2026-03-20,,,,4048.54
EMP-10049,Northgate Consulting Group Pvt Ltd,rahul.chatterjee10049@northgateconsultinggroup.in,05-09-2000,NEW_HIRE_ADDITION,SELF|SPOUSE,2026-02-13,,,,2803.54
EMP-10050,Coral Reef Hospitality Pvt Ltd,aakash.das10050@coralreefhospitality.in,11-03-1971,LIFE_EVENT_ADDITION,CHILD,,,2026-01-10,2026-02-06,3015.88
EMP-10051,Nimbus Cloudworks Pvt Ltd,bhavna.verma10051@nimbuscloudworks.in,23-08-1982,RESIGNATION_DELETION,SELF|SPOUSE,,2026-09-18,,,1502.97
EMP-10052,Crestview Retail Ventures Pvt Ltd,neha.das10052@crestviewretailventures.in,19-12-1979,RESIGNATION_DELETION,SELF|SPOUSE|CHILD,,2026-01-22,,,5740.11
EMP-10053,Granite Infra Projects Ltd,naveen.shetty10053@graniteinfraprojects.in,11-04-1972,DEPENDENT_MODIFICATION,CHILD,2026-06-01,,,,1945.51
EMP-10054,TechCorp India Pvt Ltd,sanjay.das10054@techcorp.in,04-01-2003,LIFE_EVENT_ADDITION,SPOUSE,,,2026-08-05,2026-08-29,3186.81
EMP-10055,TechCorp India Pvt Ltd,aakash.kapoor10055@techcorp.in,21-01-1973,RESIGNATION_DELETION,SELF|SPOUSE,,2026-03-25,,,990.40
EMP-10056,TechCorp India Pvt Ltd,sneha.agarwal10056@techcorp.in,07-10-2002,RESIGNATION_DELETION,SELF|SPOUSE|CHILD,,2026-06-04,,,2248.48
EMP-10057,Ferrous Steel Works Pvt Ltd,neha.kulkarni10057@ferroussteelworks.in,04-09-1970,NEW_HIRE_ADDITION,SELF|SPOUSE|CHILD,2026-09-06,,,,1519.54
EMP-10058,Crestview Retail Ventures Pvt Ltd,mohit.singh10058@crestviewretailventures.in,11-10-1976,LIFE_EVENT_ADDITION,CHILD,,,2026-06-28,2026-07-13,687.00
EMP-10059,Meridian Energy Systems Pvt Ltd,simran.iyer10059@meridianenergysystems.in,31-08-1995,DEPENDENT_MODIFICATION,SPOUSE,2026-10-27,,,,1616.84
EMP-10060,Coral Reef Hospitality Pvt Ltd,rekha.verma10060@coralreefhospitality.in,16-10-1998,LIFE_EVENT_ADDITION,CHILD,,,2026-06-16,2026-07-03,1361.48
EMP-10061,Harborline Shipping & Freight Pvt Ltd,mohit.rao10061@harborlineshippingandfreight.in,30-01-1983,RESIGNATION_DELETION,SELF|SPOUSE,,2026-08-26,,,2275.14
EMP-10062,Meridian Energy Systems Pvt Ltd,yash.yadav10062@meridianenergysystems.in,15-01-1999,LIFE_EVENT_ADDITION,SPOUSE,,,2026-10-30,2026-11-03,1713.35
EMP-10063,Sundale Agro Exports Pvt Ltd,rakesh.rao10063@sundaleagroexports.in,07-05-1984,NEW_HIRE_ADDITION,SELF,2026-06-13,,,,2585.25
EMP-10064,Sundale Agro Exports Pvt Ltd,nikhil.gupta10064@sundaleagroexports.in,15-06-1989,LIFE_EVENT_ADDITION,CHILD,,,2026-06-19,2026-12-10,2771.75
EMP-10065,Vertex Semiconductors India Pvt Ltd,shreya.verma10065@vertexsemiconductors.in,28-05-1993,RESIGNATION_DELETION,SELF,,2026-10-09,,,5600.30
EMP-10066,Silverline Textiles Pvt Ltd,preeti.bose10066@silverlinetextiles.in,06-04-1969,LIFE_EVENT_ADDITION,SPOUSE,,,2026-12-14,2027-06-02,1953.41
EMP-10067,Silverline Textiles Pvt Ltd,kritika.chatterjee10067@silverlinetextiles.in,11-09-1967,DEPENDENT_MODIFICATION,PARENT|PARENT_IN_LAW,2026-03-30,,,,1117.84
EMP-10068,Silverline Textiles Pvt Ltd,amit.desai10068@silverlinetextiles.in,21-12-1990,LIFE_EVENT_ADDITION,SPOUSE,,,2026-09-01,2027-02-02,1383.99
EMP-10069,Ferrous Steel Works Pvt Ltd,vikram.khanna10069@ferroussteelworks.in,17-07-1993,NEW_HIRE_ADDITION,SELF|SPOUSE|CHILD,2026-06-17,,,,919.18
EMP-10070,Vertex Semiconductors India Pvt Ltd,divya.shetty10070@vertexsemiconductors.in,06-02-1988,NEW_HIRE_ADDITION,SELF|SPOUSE|CHILD,2026-02-10,,,,4523.63
EMP-10071,TechCorp India Pvt Ltd,sanjay.pillai10071@techcorp.in,16-04-1969,NEW_HIRE_ADDITION,SELF|SPOUSE,2026-08-26,,,,2182.69
EMP-10072,Pinnacle Pharma Labs Ltd,preeti.kapoor10072@pinnaclepharmalabs.in,12-10-1968,LIFE_EVENT_ADDITION,CHILD,,,2026-02-25,2026-03-27,1642.51
EMP-10073,Ferrous Steel Works Pvt Ltd,pooja.pillai10073@ferroussteelworks.in,03-11-2005,RESIGNATION_DELETION,SELF|SPOUSE|CHILD,,2026-06-25,,,3127.66
EMP-10074,Coral Reef Hospitality Pvt Ltd,siddharth.joshi10074@coralreefhospitality.in,27-11-1986,DEPENDENT_MODIFICATION,PARENT|PARENT_IN_LAW,2026-05-09,,,,980.01
EMP-10075,Meridian Energy Systems Pvt Ltd,ananya.joshi10075@meridianenergysystems.in,22-05-1976,DEPENDENT_MODIFICATION,CHILD|CHILD|CHILD,2026-08-27,,,,547.27
EMP-10076,Pinnacle Pharma Labs Ltd,mohit.menon10076@pinnaclepharmalabs.in,17-10-1974,LIFE_EVENT_ADDITION,SPOUSE,,,2026-02-03,2026-02-23,2415.71
EMP-10077,Pinnacle Pharma Labs Ltd,preeti.pillai10077@pinnaclepharmalabs.in,25-08-1986,LIFE_EVENT_ADDITION,SPOUSE,,,2026-09-08,2026-09-18,1452.25
EMP-10078,Orbit Fintech Solutions Pvt Ltd,kavita.pillai10078@orbitfintechsolutions.in,23-01-1999,NEW_HIRE_ADDITION,SELF|CHILD,2026-11-19,,,,1512.64
EMP-10079,TechCorp India Pvt Ltd,siddharth.sharma10079@techcorp.in,22-10-1985,NEW_HIRE_ADDITION,SELF|CHILD,2026-09-18,,,,6531.74
EMP-10080,Granite Infra Projects Ltd,aditya.agarwal10080@graniteinfraprojects.in,06-07-2000,DEPENDENT_MODIFICATION,CHILD|CHILD|CHILD,2026-09-08,,,,1356.98
EMP-10081,Crestview Retail Ventures Pvt Ltd,suresh.chatterjee10081@crestviewretailventures.in,23-11-1988,LIFE_EVENT_ADDITION,CHILD,,,2026-03-19,2026-04-10,3435.20
EMP-10082,Sundale Agro Exports Pvt Ltd,mohit.desai10082@sundaleagroexports.in,07-10-2000,DEPENDENT_MODIFICATION,CHILD|CHILD,2026-12-03,,,,1579.02
EMP-10083,Coral Reef Hospitality Pvt Ltd,pooja.desai10083@coralreefhospitality.in,28-03-1989,LIFE_EVENT_ADDITION,CHILD,,,2026-08-23,2026-09-14,471.66
EMP-10084,Sundale Agro Exports Pvt Ltd,pooja.rao10084@sundaleagroexports.in,27-07-1983,LIFE_EVENT_ADDITION,SPOUSE,,,2026-10-07,2027-01-22,1007.00
EMP-10085,Zenith Auto Components Ltd,ritu.mishra10085@zenithautocomponents.in,21-11-1985,LIFE_EVENT_ADDITION,SPOUSE,,,2026-03-21,2026-05-28,2587.41
EMP-10086,TechCorp India Pvt Ltd,vikram.joshi10086@techcorp.in,12-08-1967,NEW_HIRE_ADDITION,SELF|SPOUSE|CHILD,2026-06-18,,,,5870.27
EMP-10087,Granite Infra Projects Ltd,karan.agarwal10087@graniteinfraprojects.in,27-12-2003,DEPENDENT_MODIFICATION,CHILD,2026-08-05,,,,482.24
EMP-10088,Granite Infra Projects Ltd,naveen.joshi10088@graniteinfraprojects.in,14-09-1981,NEW_HIRE_ADDITION,SELF|CHILD,2026-08-05,,,,3877.89
EMP-10089,Granite Infra Projects Ltd,ritu.trivedi10089@graniteinfraprojects.in,06-11-1978,LIFE_EVENT_ADDITION,SPOUSE,,,2026-10-14,2026-10-16,3111.87
EMP-10090,Granite Infra Projects Ltd,divya.das10090@graniteinfraprojects.in,14-03-1970,LIFE_EVENT_ADDITION,SPOUSE,,,2026-12-14,2026-12-19,668.47
EMP-10091,Northgate Consulting Group Pvt Ltd,divya.bhatia10091@northgateconsultinggroup.in,29-06-1973,DEPENDENT_MODIFICATION,PARENT|PARENT_IN_LAW,2026-08-08,,,,1941.99
EMP-10092,Coral Reef Hospitality Pvt Ltd,lakshmi.mishra10092@coralreefhospitality.in,18-11-1977,LIFE_EVENT_ADDITION,SPOUSE,,,2026-01-05,2026-01-19,3137.56
EMP-10093,Sundale Agro Exports Pvt Ltd,manish.joshi10093@sundaleagroexports.in,27-10-1969,LIFE_EVENT_ADDITION,CHILD,,,2026-07-03,2026-07-22,2325.74
EMP-10094,Silverline Textiles Pvt Ltd,priya.yadav10094@silverlinetextiles.in,12-11-1998,NEW_HIRE_ADDITION,SELF,2026-08-25,,,,3939.35
EMP-10095,Bluewave Logistics India Pvt Ltd,aakash.bansal10095@bluewavelogistics.in,30-06-2001,NEW_HIRE_ADDITION,SELF,2026-02-11,,,,4754.40
EMP-10096,Vertex Semiconductors India Pvt Ltd,kavita.agarwal10096@vertexsemiconductors.in,26-04-1990,NEW_HIRE_ADDITION,SELF|CHILD,2026-11-11,,,,4006.83
EMP-10097,Silverline Textiles Pvt Ltd,ananya.desai10097@silverlinetextiles.in,10-01-1971,NEW_HIRE_ADDITION,SELF|CHILD,2026-02-17,,,,1926.77
EMP-10098,Nimbus Cloudworks Pvt Ltd,amit.mehta10098@nimbuscloudworks.in,06-08-1998,DEPENDENT_MODIFICATION,CHILD,2026-11-05,,,,614.07
EMP-10099,Silverline Textiles Pvt Ltd,ashish.iyer10099@silverlinetextiles.in,28-02-1997,DEPENDENT_MODIFICATION,SPOUSE|SPOUSE,2026-12-20,,,,476.86
EMP-10100,Nimbus Cloudworks Pvt Ltd,suresh.bose10100@nimbuscloudworks.in,08-12-1986,NEW_HIRE_ADDITION,SELF|SPOUSE,2026-08-13,,,,2063.64
EMP-10101,Harborline Shipping & Freight Pvt Ltd,sneha.chauhan10101@harborlineshippingandfreight.in,29-06-1991,RESIGNATION_DELETION,SELF,,2026-09-13,,,7134.43
EMP-10102,Nimbus Cloudworks Pvt Ltd,deepak.das10102@nimbuscloudworks.in,02-10-1988,RESIGNATION_DELETION,SELF|SPOUSE,,2026-05-31,,,2414.94
EMP-10103,Coral Reef Hospitality Pvt Ltd,simran.reddy10103@coralreefhospitality.in,29-05-1999,RESIGNATION_DELETION,SELF,,2026-06-30,,,4834.84
EMP-10104,Bluewave Logistics India Pvt Ltd,simran.kapoor10104@bluewavelogistics.in,31-03-1990,RESIGNATION_DELETION,SELF|SPOUSE,,2026-10-28,,,1309.07
EMP-10105,Crestview Retail Ventures Pvt Ltd,karan.malhotra10105@crestviewretailventures.in,27-03-2001,NEW_HIRE_ADDITION,SELF,2026-08-01,,,,3486.14
EMP-10106,Granite Infra Projects Ltd,rahul.iyer10106@graniteinfraprojects.in,18-04-1967,NEW_HIRE_ADDITION,SELF|SPOUSE,2026-09-26,,,,2584.81
EMP-10107,Coral Reef Hospitality Pvt Ltd,ritu.singh10107@coralreefhospitality.in,09-07-1972,DEPENDENT_MODIFICATION,SPOUSE|SPOUSE,2026-01-19,,,,1684.31
EMP-10108,Bluewave Logistics India Pvt Ltd,charu.pillai10108@bluewavelogistics.in,06-05-2005,RESIGNATION_DELETION,SELF,,2026-07-02,,,7231.45
EMP-10109,Nimbus Cloudworks Pvt Ltd,yash.malhotra10109@nimbuscloudworks.in,20-06-2005,DEPENDENT_MODIFICATION,SPOUSE,2026-04-08,,,,582.63
EMP-10110,Zenith Auto Components Ltd,karan.bhatia10110@zenithautocomponents.in,10-07-1977,NEW_HIRE_ADDITION,SELF|SPOUSE|CHILD,2026-11-13,,,,5130.56
EMP-10111,Coral Reef Hospitality Pvt Ltd,ashish.yadav10111@coralreefhospitality.in,14-03-1968,DEPENDENT_MODIFICATION,CHILD|CHILD|CHILD,2026-10-07,,,,1271.38
EMP-10112,Ferrous Steel Works Pvt Ltd,bhavna.pillai10112@ferroussteelworks.in,21-03-1987,DEPENDENT_MODIFICATION,PARENT_IN_LAW,2026-10-05,,,,174.92
EMP-10113,Northgate Consulting Group Pvt Ltd,vikram.mehta10113@northgateconsultinggroup.in,23-04-1982,LIFE_EVENT_ADDITION,SPOUSE,,,2026-12-12,2026-12-17,1058.03
EMP-10114,Silverline Textiles Pvt Ltd,tanvi.sharma10114@silverlinetextiles.in,08-12-1982,NEW_HIRE_ADDITION,SELF|SPOUSE,2026-08-28,,,,1419.19
EMP-10115,Sundale Agro Exports Pvt Ltd,manish.singh10115@sundaleagroexports.in,06-06-1990,DEPENDENT_MODIFICATION,CHILD,2026-05-05,,,,1373.42
EMP-10116,Harborline Shipping & Freight Pvt Ltd,suresh.kapoor10116@harborlineshippingandfreight.in,05-09-1989,NEW_HIRE_ADDITION,SELF,2026-07-14,,,,1400.25
EMP-10117,Northgate Consulting Group Pvt Ltd,yash.joshi10117@northgateconsultinggroup.in,03-02-1995,LIFE_EVENT_ADDITION,SPOUSE,,,2026-02-12,2026-03-02,367.24
EMP-10118,Bluewave Logistics India Pvt Ltd,amit.iyer10118@bluewavelogistics.in,03-12-1981,DEPENDENT_MODIFICATION,CHILD|CHILD,2026-06-05,,,,1493.04
EMP-10119,Silverline Textiles Pvt Ltd,rahul.mehta10119@silverlinetextiles.in,10-01-1998,NEW_HIRE_ADDITION,SELF|CHILD,2026-10-30,,,,1450.47
EMP-10120,Orbit Fintech Solutions Pvt Ltd,naveen.joshi10120@orbitfintechsolutions.in,30-03-1992,DEPENDENT_MODIFICATION,CHILD,2026-12-06,,,,7.95
EMP-10121,Sundale Agro Exports Pvt Ltd,simran.verma10121@sundaleagroexports.in,16-04-1983,DEPENDENT_MODIFICATION,CHILD,2026-01-11,,,,762.28
EMP-10122,Vertex Semiconductors India Pvt Ltd,harish.mehta10122@vertexsemiconductors.in,06-05-1991,NEW_HIRE_ADDITION,SELF|SPOUSE,2026-06-16,,,,3773.74
EMP-10123,Crestview Retail Ventures Pvt Ltd,kavita.saxena10123@crestviewretailventures.in,12-04-1977,RESIGNATION_DELETION,SELF|CHILD,,2026-06-02,,,2481.12
EMP-10124,Northgate Consulting Group Pvt Ltd,vidya.kulkarni10124@northgateconsultinggroup.in,23-01-1986,NEW_HIRE_ADDITION,SELF|SPOUSE|CHILD,2026-03-28,,,,1481.13
EMP-10125,Granite Infra Projects Ltd,tanvi.mehta10125@graniteinfraprojects.in,28-07-1974,DEPENDENT_MODIFICATION,CHILD,2026-05-31,,,,1735.26
EMP-10126,Orbit Fintech Solutions Pvt Ltd,naveen.reddy10126@orbitfintechsolutions.in,21-11-2000,NEW_HIRE_ADDITION,SELF|CHILD,2026-03-07,,,,4830.40
EMP-10127,Crestview Retail Ventures Pvt Ltd,lakshmi.pillai10127@crestviewretailventures.in,26-04-1974,LIFE_EVENT_ADDITION,SPOUSE,,,2026-10-05,2026-10-17,2519.54
EMP-10128,Vertex Semiconductors India Pvt Ltd,manish.saxena10128@vertexsemiconductors.in,19-11-1975,NEW_HIRE_ADDITION,SELF|SPOUSE|CHILD,2026-01-20,,,,5724.07
EMP-10129,Orbit Fintech Solutions Pvt Ltd,sanjay.verma10129@orbitfintechsolutions.in,11-01-2003,RESIGNATION_DELETION,SELF|SPOUSE,,2026-08-16,,,7411.13
EMP-10130,Nimbus Cloudworks Pvt Ltd,harish.joshi10130@nimbuscloudworks.in,12-06-1992,RESIGNATION_DELETION,SELF,,2026-11-02,,,4242.72
EMP-10131,Northgate Consulting Group Pvt Ltd,tanvi.verma10131@northgateconsultinggroup.in,17-02-1975,DEPENDENT_MODIFICATION,CHILD|CHILD,2026-11-19,,,,1663.36
EMP-10132,Crestview Retail Ventures Pvt Ltd,manish.khanna10132@crestviewretailventures.in,01-08-1988,NEW_HIRE_ADDITION,SELF|CHILD,2026-09-27,,,,3676.06
EMP-10133,Meridian Energy Systems Pvt Ltd,juhi.mishra10133@meridianenergysystems.in,26-04-2003,DEPENDENT_MODIFICATION,CHILD|CHILD,2026-05-05,,,,1727.18
EMP-10134,Ferrous Steel Works Pvt Ltd,ananya.nair10134@ferroussteelworks.in,29-08-1974,NEW_HIRE_ADDITION,SELF|CHILD,2026-08-31,,,,7483.26
EMP-10135,Granite Infra Projects Ltd,karan.bose10135@graniteinfraprojects.in,11-10-1981,NEW_HIRE_ADDITION,SELF,2026-02-21,,,,1583.39
EMP-10136,Vertex Semiconductors India Pvt Ltd,swati.nair10136@vertexsemiconductors.in,25-12-1991,RESIGNATION_DELETION,SELF,,2026-08-02,,,2374.54
EMP-10137,TechCorp India Pvt Ltd,anjali.mishra10137@techcorp.in,04-05-1969,DEPENDENT_MODIFICATION,PARENT_IN_LAW,2026-06-24,,,,199.09
EMP-10138,Granite Infra Projects Ltd,rohan.bansal10138@graniteinfraprojects.in,19-03-2004,LIFE_EVENT_ADDITION,SPOUSE,,,2026-06-24,2026-06-27,577.10
EMP-10139,Vertex Semiconductors India Pvt Ltd,meera.desai10139@vertexsemiconductors.in,01-12-1985,DEPENDENT_MODIFICATION,CHILD,2026-02-20,,,,182.33
EMP-10140,Northgate Consulting Group Pvt Ltd,preeti.malhotra10140@northgateconsultinggroup.in,24-04-2004,DEPENDENT_MODIFICATION,PARENT_IN_LAW,2026-08-15,,,,703.09
EMP-10141,Northgate Consulting Group Pvt Ltd,rohan.roy10141@northgateconsultinggroup.in,20-02-1973,RESIGNATION_DELETION,SELF,,2026-05-11,,,5576.26
EMP-10142,Northgate Consulting Group Pvt Ltd,simran.iyer10142@northgateconsultinggroup.in,21-11-1969,RESIGNATION_DELETION,SELF|SPOUSE,,2026-01-06,,,6538.92
EMP-10143,Pinnacle Pharma Labs Ltd,siddharth.kulkarni10143@pinnaclepharmalabs.in,31-07-1976,LIFE_EVENT_ADDITION,SPOUSE,,,2026-02-22,2026-03-05,3284.58
EMP-10144,Zenith Auto Components Ltd,kavita.bose10144@zenithautocomponents.in,03-12-1990,LIFE_EVENT_ADDITION,SPOUSE,,,2026-06-13,2026-07-02,3073.60
EMP-10145,Orbit Fintech Solutions Pvt Ltd,anjali.iyer10145@orbitfintechsolutions.in,31-08-1988,RESIGNATION_DELETION,SELF,,2026-10-12,,,4884.30
EMP-10146,Pinnacle Pharma Labs Ltd,simran.malhotra10146@pinnaclepharmalabs.in,19-07-1983,LIFE_EVENT_ADDITION,SPOUSE,,,2026-04-17,2026-05-11,2629.04
EMP-10147,Meridian Energy Systems Pvt Ltd,nikhil.kapoor10147@meridianenergysystems.in,20-07-2001,RESIGNATION_DELETION,SELF|SPOUSE|CHILD,,2026-06-09,,,1539.16
EMP-10148,TechCorp India Pvt Ltd,siddharth.iyer10148@techcorp.in,20-11-1973,LIFE_EVENT_ADDITION,SPOUSE,,,2026-12-23,2027-01-21,3372.20
EMP-10149,Silverline Textiles Pvt Ltd,sneha.rao10149@silverlinetextiles.in,19-03-1983,LIFE_EVENT_ADDITION,SPOUSE,,,2026-11-08,2026-11-11,3422.20
EMP-10150,Vertex Semiconductors India Pvt Ltd,kritika.khanna10150@vertexsemiconductors.in,20-03-1991,RESIGNATION_DELETION,SELF|CHILD,,2026-07-03,,,896.81
EMP-10151,Meridian Energy Systems Pvt Ltd,manish.menon10151@meridianenergysystems.in,17-07-2000,NEW_HIRE_ADDITION,SELF|CHILD,2026-01-06,,,,3213.13
EMP-10152,TechCorp India Pvt Ltd,payal.roy10152@techcorp.in,29-09-2003,LIFE_EVENT_ADDITION,CHILD,,,2026-03-01,2026-03-14,1137.20
EMP-10153,Coral Reef Hospitality Pvt Ltd,anjali.yadav10153@coralreefhospitality.in,06-02-1965,NEW_HIRE_ADDITION,SELF,2026-02-09,,,,2333.49
EMP-10154,Meridian Energy Systems Pvt Ltd,priya.trivedi10154@meridianenergysystems.in,01-01-2004,DEPENDENT_MODIFICATION,CHILD|CHILD,2026-10-04,,,,253.88
EMP-10155,Bluewave Logistics India Pvt Ltd,gaurav.iyer10155@bluewavelogistics.in,01-03-1996,DEPENDENT_MODIFICATION,PARENT,2026-02-23,,,,73.59
EMP-10156,TechCorp India Pvt Ltd,nikhil.bansal10156@techcorp.in,07-12-1998,LIFE_EVENT_ADDITION,SPOUSE,,,2026-07-29,2027-01-18,2464.53
EMP-10157,Nimbus Cloudworks Pvt Ltd,nikhil.sharma10157@nimbuscloudworks.in,08-08-1983,RESIGNATION_DELETION,SELF|SPOUSE|CHILD,,2026-11-24,,,7035.72
EMP-10158,Crestview Retail Ventures Pvt Ltd,aakash.kapoor10158@crestviewretailventures.in,10-02-1997,NEW_HIRE_ADDITION,SELF|CHILD,2026-10-21,,,,3564.33
EMP-10159,Sundale Agro Exports Pvt Ltd,ashish.malhotra10159@sundaleagroexports.in,10-03-2000,NEW_HIRE_ADDITION,SELF,2026-03-07,,,,3679.34
EMP-10160,Vertex Semiconductors India Pvt Ltd,shreya.das10160@vertexsemiconductors.in,01-07-1988,LIFE_EVENT_ADDITION,CHILD,,,2026-06-14,2026-07-09,2507.12
EMP-10161,Bluewave Logistics India Pvt Ltd,ananya.mishra10161@bluewavelogistics.in,03-09-1973,RESIGNATION_DELETION,SELF,,2026-07-04,,,3419.12
EMP-10162,TechCorp India Pvt Ltd,kavita.saxena10162@techcorp.in,19-06-1981,LIFE_EVENT_ADDITION,CHILD,,,2026-05-22,2026-05-28,1388.58
EMP-10163,Bluewave Logistics India Pvt Ltd,arjun.verma10163@bluewavelogistics.in,20-12-2001,RESIGNATION_DELETION,SELF|SPOUSE,,2026-08-26,,,4540.17
EMP-10164,Sundale Agro Exports Pvt Ltd,aditya.kapoor10164@sundaleagroexports.in,17-09-1973,LIFE_EVENT_ADDITION,CHILD,,,2026-07-19,2026-08-08,1806.87
EMP-10165,Orbit Fintech Solutions Pvt Ltd,sanjay.sharma10165@orbitfintechsolutions.in,18-02-1981,RESIGNATION_DELETION,SELF|SPOUSE,,2026-11-16,,,7451.16
EMP-10166,Meridian Energy Systems Pvt Ltd,aakash.roy10166@meridianenergysystems.in,07-01-2003,DEPENDENT_MODIFICATION,CHILD|CHILD,2026-05-22,,,,303.70
EMP-10167,Bluewave Logistics India Pvt Ltd,payal.menon10167@bluewavelogistics.in,29-04-1974,RESIGNATION_DELETION,SELF|SPOUSE|CHILD,,2026-12-14,,,6308.12
EMP-10168,Silverline Textiles Pvt Ltd,kavita.joshi10168@silverlinetextiles.in,27-09-1977,NEW_HIRE_ADDITION,SELF,2026-02-04,,,,2750.29
EMP-10169,Granite Infra Projects Ltd,kritika.singh10169@graniteinfraprojects.in,06-05-1994,NEW_HIRE_ADDITION,SELF,2026-01-16,,,,7395.97
EMP-10170,Silverline Textiles Pvt Ltd,sanjay.mehta10170@silverlinetextiles.in,17-03-1969,NEW_HIRE_ADDITION,SELF|CHILD,2026-12-16,,,,3040.15
EMP-10171,Ferrous Steel Works Pvt Ltd,vidya.kulkarni10171@ferroussteelworks.in,02-12-1966,RESIGNATION_DELETION,SELF|CHILD,,2026-12-17,,,4073.59
EMP-10172,Silverline Textiles Pvt Ltd,kritika.roy10172@silverlinetextiles.in,13-03-2004,RESIGNATION_DELETION,SELF|SPOUSE|CHILD,,2026-10-12,,,5047.69
EMP-10173,Crestview Retail Ventures Pvt Ltd,manish.shetty10173@crestviewretailventures.in,07-02-1989,DEPENDENT_MODIFICATION,PARENT,2026-02-11,,,,931.44
EMP-10174,Nimbus Cloudworks Pvt Ltd,preeti.roy10174@nimbuscloudworks.in,12-03-1986,NEW_HIRE_ADDITION,SELF|CHILD,2026-07-26,,,,1605.94
EMP-10175,Meridian Energy Systems Pvt Ltd,lakshmi.saxena10175@meridianenergysystems.in,17-06-1970,NEW_HIRE_ADDITION,SELF|SPOUSE,2026-08-05,,,,2311.24
EMP-10176,Granite Infra Projects Ltd,divya.gupta10176@graniteinfraprojects.in,23-08-1985,DEPENDENT_MODIFICATION,CHILD|CHILD|CHILD,2026-01-05,,,,1480.01
EMP-10177,Meridian Energy Systems Pvt Ltd,simran.joshi10177@meridianenergysystems.in,30-09-1972,RESIGNATION_DELETION,SELF|SPOUSE,,2026-04-12,,,5497.86
EMP-10178,Pinnacle Pharma Labs Ltd,anjali.kapoor10178@pinnaclepharmalabs.in,08-09-1998,RESIGNATION_DELETION,SELF|CHILD,,2026-08-12,,,4526.53
EMP-10179,Crestview Retail Ventures Pvt Ltd,sanjay.singh10179@crestviewretailventures.in,11-11-1981,DEPENDENT_MODIFICATION,CHILD|CHILD,2026-04-21,,,,1544.52
EMP-10180,Silverline Textiles Pvt Ltd,charu.iyer10180@silverlinetextiles.in,01-09-1989,NEW_HIRE_ADDITION,SELF|SPOUSE,2026-05-18,,,,2050.42
EMP-10181,Ferrous Steel Works Pvt Ltd,payal.kapoor10181@ferroussteelworks.in,18-05-1997,LIFE_EVENT_ADDITION,SPOUSE,,,2026-11-15,2026-12-11,1754.93
EMP-10182,Pinnacle Pharma Labs Ltd,shreya.saxena10182@pinnaclepharmalabs.in,19-02-1996,NEW_HIRE_ADDITION,SELF,2026-05-22,,,,6385.08
EMP-10183,Silverline Textiles Pvt Ltd,rekha.malhotra10183@silverlinetextiles.in,11-03-1996,DEPENDENT_MODIFICATION,CHILD|CHILD,2026-07-18,,,,837.85
EMP-10184,Coral Reef Hospitality Pvt Ltd,sneha.trivedi10184@coralreefhospitality.in,07-05-1970,LIFE_EVENT_ADDITION,CHILD,,,2026-05-07,2026-11-01,3224.74
EMP-10185,Coral Reef Hospitality Pvt Ltd,rajesh.gupta10185@coralreefhospitality.in,10-08-1965,LIFE_EVENT_ADDITION,CHILD,,,2026-10-17,2027-03-20,1191.01
EMP-10186,Zenith Auto Components Ltd,simran.khanna10186@zenithautocomponents.in,25-05-1999,RESIGNATION_DELETION,SELF|SPOUSE|CHILD,,2026-05-17,,,3464.21
EMP-10187,Zenith Auto Components Ltd,pooja.menon10187@zenithautocomponents.in,23-09-1992,RESIGNATION_DELETION,SELF,,2026-10-14,,,803.02
EMP-10188,TechCorp India Pvt Ltd,priya.mishra10188@techcorp.in,15-02-1997,NEW_HIRE_ADDITION,SELF|SPOUSE|CHILD,2026-11-21,,,,1678.15
EMP-10189,Nimbus Cloudworks Pvt Ltd,ananya.joshi10189@nimbuscloudworks.in,07-07-1999,NEW_HIRE_ADDITION,SELF,2026-08-16,,,,5944.44
EMP-10190,Sundale Agro Exports Pvt Ltd,sanjay.khanna10190@sundaleagroexports.in,08-02-1987,NEW_HIRE_ADDITION,SELF|SPOUSE,2026-01-20,,,,3301.56
EMP-10191,Nimbus Cloudworks Pvt Ltd,vikram.sharma10191@nimbuscloudworks.in,27-12-1978,RESIGNATION_DELETION,SELF|CHILD,,2026-08-18,,,5448.93
EMP-10192,Bluewave Logistics India Pvt Ltd,yash.khanna10192@bluewavelogistics.in,18-03-2005,RESIGNATION_DELETION,SELF|CHILD,,2026-02-09,,,6817.36
EMP-10193,Ferrous Steel Works Pvt Ltd,anjali.menon10193@ferroussteelworks.in,12-12-1980,NEW_HIRE_ADDITION,SELF,2026-04-06,,,,990.56
EMP-10194,Nimbus Cloudworks Pvt Ltd,varun.iyer10194@nimbuscloudworks.in,27-03-1967,DEPENDENT_MODIFICATION,SPOUSE,2026-01-03,,,,618.70
EMP-10195,Vertex Semiconductors India Pvt Ltd,deepak.sharma10195@vertexsemiconductors.in,17-11-1968,DEPENDENT_MODIFICATION,PARENT|PARENT_IN_LAW,2026-09-10,,,,1816.71
EMP-10196,Ferrous Steel Works Pvt Ltd,pooja.bansal10196@ferroussteelworks.in,06-01-1967,NEW_HIRE_ADDITION,SELF|SPOUSE,2026-08-03,,,,3750.65
EMP-10197,Zenith Auto Components Ltd,varun.trivedi10197@zenithautocomponents.in,05-02-2000,NEW_HIRE_ADDITION,SELF|CHILD,2026-08-31,,,,936.43
EMP-10198,Harborline Shipping & Freight Pvt Ltd,nisha.shetty10198@harborlineshippingandfreight.in,28-01-1992,LIFE_EVENT_ADDITION,CHILD,,,2026-04-15,2026-05-01,516.13
EMP-10199,Harborline Shipping & Freight Pvt Ltd,sanjay.sharma10199@harborlineshippingandfreight.in,04-10-1967,DEPENDENT_MODIFICATION,PARENT,2026-09-07,,,,246.01
EMP-10200,Bluewave Logistics India Pvt Ltd,tanvi.saxena10200@bluewavelogistics.in,27-01-1971,DEPENDENT_MODIFICATION,PARENT_IN_LAW,2026-11-01,,,,1850.15
EMP-10201,Harborline Shipping & Freight Pvt Ltd,naveen.menon10201@harborlineshippingandfreight.in,14-12-2001,RESIGNATION_DELETION,SELF|SPOUSE|CHILD,,2026-10-06,,,6857.30
EMP-10202,Crestview Retail Ventures Pvt Ltd,priya.bose10202@crestviewretailventures.in,24-04-1975,DEPENDENT_MODIFICATION,CHILD,2026-02-19,,,,1974.85
EMP-10203,Vertex Semiconductors India Pvt Ltd,suresh.chauhan10203@vertexsemiconductors.in,16-10-1973,NEW_HIRE_ADDITION,SELF,2026-03-12,,,,2583.74
EMP-10204,Orbit Fintech Solutions Pvt Ltd,payal.mishra10204@orbitfintechsolutions.in,14-11-1981,NEW_HIRE_ADDITION,SELF|CHILD,2026-07-22,,,,6212.52
EMP-10205,Orbit Fintech Solutions Pvt Ltd,simran.shetty10205@orbitfintechsolutions.in,07-09-1990,NEW_HIRE_ADDITION,SELF|SPOUSE,2026-01-08,,,,4334.08
EMP-10206,Sundale Agro Exports Pvt Ltd,charu.yadav10206@sundaleagroexports.in,03-08-1996,LIFE_EVENT_ADDITION,CHILD,,,2026-11-20,2026-12-13,1241.07
EMP-10207,Ferrous Steel Works Pvt Ltd,swati.kapoor10207@ferroussteelworks.in,14-12-1985,LIFE_EVENT_ADDITION,CHILD,,,2026-12-16,2027-01-05,2537.50
EMP-10208,Nimbus Cloudworks Pvt Ltd,vikram.menon10208@nimbuscloudworks.in,05-05-2004,DEPENDENT_MODIFICATION,SPOUSE,2026-03-03,,,,597.27
EMP-10209,Vertex Semiconductors India Pvt Ltd,suresh.nair10209@vertexsemiconductors.in,27-10-2005,RESIGNATION_DELETION,SELF,,2026-04-30,,,2347.88
EMP-10210,Silverline Textiles Pvt Ltd,harish.desai10210@silverlinetextiles.in,06-11-2003,NEW_HIRE_ADDITION,SELF|SPOUSE|CHILD,2026-08-12,,,,5687.00
EMP-10211,Harborline Shipping & Freight Pvt Ltd,sanjay.bhatia10211@harborlineshippingandfreight.in,05-08-1988,DEPENDENT_MODIFICATION,SPOUSE,2026-03-13,,,,1285.92
EMP-10212,Crestview Retail Ventures Pvt Ltd,aditya.nair10212@crestviewretailventures.in,15-03-1993,NEW_HIRE_ADDITION,SELF,2026-04-08,,,,4341.68
EMP-10213,Nimbus Cloudworks Pvt Ltd,manish.menon10213@nimbuscloudworks.in,16-06-1985,NEW_HIRE_ADDITION,SELF|SPOUSE,2026-03-07,,,,2228.92
EMP-10214,Crestview Retail Ventures Pvt Ltd,swati.khanna10214@crestviewretailventures.in,24-12-1991,DEPENDENT_MODIFICATION,SPOUSE|SPOUSE,2026-04-15,,,,252.93
EMP-10215,Crestview Retail Ventures Pvt Ltd,vivek.khanna10215@crestviewretailventures.in,28-01-2004,RESIGNATION_DELETION,SELF|SPOUSE|CHILD,,2026-01-18,,,1240.38
EMP-10216,Bluewave Logistics India Pvt Ltd,vidya.chatterjee10216@bluewavelogistics.in,07-05-1967,LIFE_EVENT_ADDITION,CHILD,,,2026-08-12,2026-09-09,2601.68
EMP-10217,Harborline Shipping & Freight Pvt Ltd,kavita.das10217@harborlineshippingandfreight.in,04-04-1968,DEPENDENT_MODIFICATION,CHILD|CHILD|CHILD,2026-03-05,,,,1814.80
EMP-10218,Ferrous Steel Works Pvt Ltd,shreya.iyer10218@ferroussteelworks.in,04-04-1993,RESIGNATION_DELETION,SELF|CHILD,,2026-06-23,,,4511.07
EMP-10219,Northgate Consulting Group Pvt Ltd,vikram.kulkarni10219@northgateconsultinggroup.in,19-06-1989,NEW_HIRE_ADDITION,SELF,2026-06-16,,,,2499.85
EMP-10220,Zenith Auto Components Ltd,rohan.menon10220@zenithautocomponents.in,16-11-1966,NEW_HIRE_ADDITION,SELF,2026-03-16,,,,1985.60
EMP-10221,Bluewave Logistics India Pvt Ltd,rahul.kapoor10221@bluewavelogistics.in,25-11-1980,DEPENDENT_MODIFICATION,SPOUSE,2026-01-01,,,,544.86
EMP-10222,Coral Reef Hospitality Pvt Ltd,aditya.kulkarni10222@coralreefhospitality.in,01-11-2001,NEW_HIRE_ADDITION,SELF|SPOUSE,2026-05-28,,,,1577.16
EMP-10223,Sundale Agro Exports Pvt Ltd,ananya.saxena10223@sundaleagroexports.in,24-05-2001,NEW_HIRE_ADDITION,SELF|CHILD,2026-11-22,,,,1240.93
EMP-10224,Sundale Agro Exports Pvt Ltd,rajesh.chatterjee10224@sundaleagroexports.in,03-11-1997,NEW_HIRE_ADDITION,SELF|SPOUSE,2026-04-05,,,,1972.34
EMP-10225,Crestview Retail Ventures Pvt Ltd,divya.trivedi10225@crestviewretailventures.in,09-03-1974,RESIGNATION_DELETION,SELF|CHILD,,2026-09-06,,,3450.91
EMP-10226,TechCorp India Pvt Ltd,vivek.trivedi10226@techcorp.in,17-02-1981,RESIGNATION_DELETION,SELF|SPOUSE,,2026-05-27,,,6448.74
EMP-10227,Silverline Textiles Pvt Ltd,simran.trivedi10227@silverlinetextiles.in,14-11-1977,LIFE_EVENT_ADDITION,SPOUSE,,,2026-03-13,2026-03-26,1160.64
EMP-10228,Orbit Fintech Solutions Pvt Ltd,kavita.bhatia10228@orbitfintechsolutions.in,20-07-1992,DEPENDENT_MODIFICATION,CHILD|CHILD,2026-11-18,,,,1463.91
EMP-10229,Crestview Retail Ventures Pvt Ltd,nikhil.menon10229@crestviewretailventures.in,10-10-1966,NEW_HIRE_ADDITION,SELF|CHILD,2026-02-15,,,,2300.22
EMP-10230,Nimbus Cloudworks Pvt Ltd,rajesh.menon10230@nimbuscloudworks.in,07-09-1994,RESIGNATION_DELETION,SELF,,2026-05-26,,,4649.26
EMP-10231,TechCorp India Pvt Ltd,ritu.malhotra10231@techcorp.in,10-08-1990,RESIGNATION_DELETION,SELF|SPOUSE|CHILD,,2026-08-07,,,2575.17
EMP-10232,Granite Infra Projects Ltd,rajesh.iyer10232@graniteinfraprojects.in,29-10-1987,RESIGNATION_DELETION,SELF|SPOUSE,,2026-07-19,,,4443.37
EMP-10233,Bluewave Logistics India Pvt Ltd,ashish.malhotra10233@bluewavelogistics.in,16-06-1965,LIFE_EVENT_ADDITION,SPOUSE,,,2026-05-25,2026-06-06,2952.01
EMP-10234,Nimbus Cloudworks Pvt Ltd,anjali.shetty10234@nimbuscloudworks.in,14-05-2004,NEW_HIRE_ADDITION,SELF|SPOUSE,2026-01-14,,,,2899.63
EMP-10235,Sundale Agro Exports Pvt Ltd,aakash.iyer10235@sundaleagroexports.in,27-01-2002,RESIGNATION_DELETION,SELF,,2026-09-02,,,3071.49
EMP-10236,Crestview Retail Ventures Pvt Ltd,varun.chauhan10236@crestviewretailventures.in,16-11-1980,NEW_HIRE_ADDITION,SELF|SPOUSE|CHILD,2026-10-07,,,,1189.42
EMP-10237,Orbit Fintech Solutions Pvt Ltd,tanvi.agarwal10237@orbitfintechsolutions.in,30-12-1966,LIFE_EVENT_ADDITION,CHILD,,,2026-10-21,2026-11-15,878.22
EMP-10238,Vertex Semiconductors India Pvt Ltd,bhavna.bhatia10238@vertexsemiconductors.in,21-05-1983,LIFE_EVENT_ADDITION,CHILD,,,2026-11-12,2026-11-15,321.45
EMP-10239,Harborline Shipping & Freight Pvt Ltd,rekha.chauhan10239@harborlineshippingandfreight.in,15-04-1983,LIFE_EVENT_ADDITION,CHILD,,,2026-04-01,2026-04-26,708.86
EMP-10240,Harborline Shipping & Freight Pvt Ltd,rahul.saxena10240@harborlineshippingandfreight.in,04-10-1965,DEPENDENT_MODIFICATION,CHILD,2026-11-18,,,,1977.35
EMP-10241,Pinnacle Pharma Labs Ltd,simran.gupta10241@pinnaclepharmalabs.in,11-05-1973,DEPENDENT_MODIFICATION,CHILD|CHILD|CHILD,2026-09-22,,,,1403.92
EMP-10242,Sundale Agro Exports Pvt Ltd,mohit.shetty10242@sundaleagroexports.in,28-05-1977,DEPENDENT_MODIFICATION,PARENT|PARENT_IN_LAW,2026-04-22,,,,934.01
EMP-10243,Northgate Consulting Group Pvt Ltd,nikhil.gupta10243@northgateconsultinggroup.in,15-01-2001,RESIGNATION_DELETION,SELF|SPOUSE,,2026-03-26,,,5007.93
EMP-10244,Harborline Shipping & Freight Pvt Ltd,sneha.bose10244@harborlineshippingandfreight.in,02-07-2005,RESIGNATION_DELETION,SELF|SPOUSE,,2026-02-13,,,2719.72
EMP-10245,Granite Infra Projects Ltd,yash.chatterjee10245@graniteinfraprojects.in,12-07-2003,DEPENDENT_MODIFICATION,PARENT_IN_LAW,2026-05-29,,,,266.58
EMP-10246,Orbit Fintech Solutions Pvt Ltd,manish.saxena10246@orbitfintechsolutions.in,31-10-1967,RESIGNATION_DELETION,SELF,,2026-04-18,,,2250.26
EMP-10247,Northgate Consulting Group Pvt Ltd,kavita.desai10247@northgateconsultinggroup.in,24-08-1996,RESIGNATION_DELETION,SELF|CHILD,,2026-10-30,,,1852.79
EMP-10248,Zenith Auto Components Ltd,karan.malhotra10248@zenithautocomponents.in,14-11-1974,RESIGNATION_DELETION,SELF,,2026-03-30,,,6683.61
EMP-10249,Harborline Shipping & Freight Pvt Ltd,shreya.das10249@harborlineshippingandfreight.in,27-01-1969,RESIGNATION_DELETION,SELF,,2026-12-10,,,1651.19
EMP-10250,Meridian Energy Systems Pvt Ltd,vidya.khanna10250@meridianenergysystems.in,15-09-1971,LIFE_EVENT_ADDITION,CHILD,,,2026-09-09,2026-09-19,1532.89
EMP-10251,Granite Infra Projects Ltd,suresh.joshi10251@graniteinfraprojects.in,24-01-1986,NEW_HIRE_ADDITION,SELF|CHILD,2026-04-22,,,,2788.06
EMP-10252,Nimbus Cloudworks Pvt Ltd,neha.bose10252@nimbuscloudworks.in,03-10-1996,RESIGNATION_DELETION,SELF|SPOUSE|CHILD,,2026-06-11,,,825.63
EMP-10253,Pinnacle Pharma Labs Ltd,kavita.singh10253@pinnaclepharmalabs.in,24-10-1981,LIFE_EVENT_ADDITION,SPOUSE,,,2026-07-30,2026-08-27,2132.66
EMP-10254,Pinnacle Pharma Labs Ltd,ritu.bansal10254@pinnaclepharmalabs.in,07-10-1979,LIFE_EVENT_ADDITION,CHILD,,,2026-01-15,2026-01-23,2579.28
EMP-10255,Pinnacle Pharma Labs Ltd,suresh.nair10255@pinnaclepharmalabs.in,16-05-1989,NEW_HIRE_ADDITION,SELF,2026-02-27,,,,2187.23
EMP-10256,Meridian Energy Systems Pvt Ltd,meera.singh10256@meridianenergysystems.in,22-03-1984,NEW_HIRE_ADDITION,SELF,2026-10-11,,,,5568.63
EMP-10257,Vertex Semiconductors India Pvt Ltd,sanjay.mishra10257@vertexsemiconductors.in,12-12-1987,LIFE_EVENT_ADDITION,CHILD,,,2026-11-08,2026-11-28,2790.68
EMP-10258,Zenith Auto Components Ltd,juhi.bose10258@zenithautocomponents.in,10-09-1965,NEW_HIRE_ADDITION,SELF,2026-10-22,,,,5544.41
EMP-10259,Pinnacle Pharma Labs Ltd,nisha.trivedi10259@pinnaclepharmalabs.in,18-10-1976,RESIGNATION_DELETION,SELF,,2026-07-07,,,1483.13
EMP-10260,Harborline Shipping & Freight Pvt Ltd,manish.yadav10260@harborlineshippingandfreight.in,20-08-1980,LIFE_EVENT_ADDITION,CHILD,,,2026-11-13,2026-11-17,2723.74
EMP-10261,Orbit Fintech Solutions Pvt Ltd,priya.rao10261@orbitfintechsolutions.in,01-10-1980,NEW_HIRE_ADDITION,SELF,2026-11-18,,,,4889.06
EMP-10262,Zenith Auto Components Ltd,karan.bhatia10262@zenithautocomponents.in,04-09-1989,LIFE_EVENT_ADDITION,CHILD,,,2026-05-26,2026-06-05,1098.76
EMP-10263,Pinnacle Pharma Labs Ltd,kavita.shetty10263@pinnaclepharmalabs.in,10-01-1973,NEW_HIRE_ADDITION,SELF|SPOUSE,2026-04-21,,,,5105.53
EMP-10264,Vertex Semiconductors India Pvt Ltd,lakshmi.chauhan10264@vertexsemiconductors.in,26-05-1990,RESIGNATION_DELETION,SELF,,2026-08-02,,,4314.45
EMP-10265,Coral Reef Hospitality Pvt Ltd,vivek.desai10265@coralreefhospitality.in,14-09-1985,RESIGNATION_DELETION,SELF,,2026-06-20,,,4700.88
EMP-10266,Nimbus Cloudworks Pvt Ltd,siddharth.agarwal10266@nimbuscloudworks.in,13-11-1997,RESIGNATION_DELETION,SELF|SPOUSE|CHILD,,2026-09-25,,,6495.66
EMP-10267,Sundale Agro Exports Pvt Ltd,kritika.das10267@sundaleagroexports.in,15-11-1998,RESIGNATION_DELETION,SELF|SPOUSE|CHILD,,2026-06-15,,,7372.97
EMP-10268,Northgate Consulting Group Pvt Ltd,kritika.singh10268@northgateconsultinggroup.in,19-08-1996,NEW_HIRE_ADDITION,SELF,2026-11-27,,,,3106.17
EMP-10269,Meridian Energy Systems Pvt Ltd,arjun.sharma10269@meridianenergysystems.in,14-03-1987,LIFE_EVENT_ADDITION,CHILD,,,2026-07-30,2026-08-08,804.51
EMP-10270,Bluewave Logistics India Pvt Ltd,lakshmi.menon10270@bluewavelogistics.in,02-01-1994,RESIGNATION_DELETION,SELF|SPOUSE,,2026-05-07,,,1299.01
EMP-10271,Zenith Auto Components Ltd,juhi.yadav10271@zenithautocomponents.in,07-04-1977,NEW_HIRE_ADDITION,SELF,2026-09-09,,,,2634.56
EMP-10272,Crestview Retail Ventures Pvt Ltd,nikhil.malhotra10272@crestviewretailventures.in,22-09-1973,LIFE_EVENT_ADDITION,SPOUSE,,,2026-12-01,2026-12-18,335.46
EMP-10273,Coral Reef Hospitality Pvt Ltd,vidya.shetty10273@coralreefhospitality.in,14-05-1968,RESIGNATION_DELETION,SELF,,2026-04-29,,,5163.45
EMP-10274,Nimbus Cloudworks Pvt Ltd,lakshmi.gupta10274@nimbuscloudworks.in,02-12-2005,DEPENDENT_MODIFICATION,CHILD,2026-11-11,,,,209.41
EMP-10275,Meridian Energy Systems Pvt Ltd,shreya.sharma10275@meridianenergysystems.in,17-05-1977,LIFE_EVENT_ADDITION,CHILD,,,2026-09-19,2026-10-03,3260.68
EMP-10276,Vertex Semiconductors India Pvt Ltd,manish.menon10276@vertexsemiconductors.in,03-11-1988,NEW_HIRE_ADDITION,SELF|CHILD,2026-03-16,,,,7241.06
EMP-10277,Crestview Retail Ventures Pvt Ltd,shreya.trivedi10277@crestviewretailventures.in,04-12-1982,NEW_HIRE_ADDITION,SELF|SPOUSE,2026-03-17,,,,7456.31
EMP-10278,Coral Reef Hospitality Pvt Ltd,rahul.kapoor10278@coralreefhospitality.in,30-07-1989,RESIGNATION_DELETION,SELF|SPOUSE|CHILD,,2026-10-11,,,948.13
EMP-10279,Meridian Energy Systems Pvt Ltd,karan.rao10279@meridianenergysystems.in,15-12-2004,LIFE_EVENT_ADDITION,SPOUSE,,,2026-10-01,2026-10-16,1512.12
EMP-10280,Coral Reef Hospitality Pvt Ltd,varun.joshi10280@coralreefhospitality.in,22-08-1990,LIFE_EVENT_ADDITION,SPOUSE,,,2026-12-08,2026-12-27,1766.86
EMP-10281,Silverline Textiles Pvt Ltd,lakshmi.chatterjee10281@silverlinetextiles.in,29-12-1986,RESIGNATION_DELETION,SELF|CHILD,,2026-01-06,,,5811.93
EMP-10282,Pinnacle Pharma Labs Ltd,ritu.khanna10282@pinnaclepharmalabs.in,05-10-1993,RESIGNATION_DELETION,SELF|CHILD,,2026-09-08,,,1194.22
EMP-10283,Harborline Shipping & Freight Pvt Ltd,aakash.das10283@harborlineshippingandfreight.in,13-07-1987,RESIGNATION_DELETION,SELF,,2026-07-20,,,6780.83
EMP-10284,Pinnacle Pharma Labs Ltd,amit.khanna10284@pinnaclepharmalabs.in,10-06-2004,RESIGNATION_DELETION,SELF,,2026-09-08,,,3833.40
EMP-10285,Granite Infra Projects Ltd,simran.mishra10285@graniteinfraprojects.in,08-04-1983,LIFE_EVENT_ADDITION,CHILD,,,2026-04-13,2026-04-15,2113.73
EMP-10286,Sundale Agro Exports Pvt Ltd,nikhil.kapoor10286@sundaleagroexports.in,06-09-1992,NEW_HIRE_ADDITION,SELF|SPOUSE|CHILD,2026-08-22,,,,3083.07
EMP-10287,Nimbus Cloudworks Pvt Ltd,suresh.agarwal10287@nimbuscloudworks.in,27-04-1986,DEPENDENT_MODIFICATION,CHILD|CHILD,2026-08-28,,,,705.29
EMP-10288,TechCorp India Pvt Ltd,bhavna.singh10288@techcorp.in,26-12-1969,DEPENDENT_MODIFICATION,CHILD,2026-07-17,,,,1479.37
EMP-10289,Sundale Agro Exports Pvt Ltd,simran.sharma10289@sundaleagroexports.in,02-01-1985,NEW_HIRE_ADDITION,SELF|CHILD,2026-05-24,,,,2906.14
EMP-10290,Coral Reef Hospitality Pvt Ltd,sneha.das10290@coralreefhospitality.in,29-06-1974,RESIGNATION_DELETION,SELF,,2026-03-02,,,2972.94
EMP-10291,Vertex Semiconductors India Pvt Ltd,divya.joshi10291@vertexsemiconductors.in,25-06-1973,RESIGNATION_DELETION,SELF|CHILD,,2026-12-23,,,7415.35
EMP-10292,Pinnacle Pharma Labs Ltd,ashish.singh10292@pinnaclepharmalabs.in,20-12-1985,NEW_HIRE_ADDITION,SELF|SPOUSE,2026-02-16,,,,1907.63
EMP-10293,Meridian Energy Systems Pvt Ltd,tarun.gupta10293@meridianenergysystems.in,05-02-1971,DEPENDENT_MODIFICATION,PARENT_IN_LAW,2026-10-09,,,,229.88
EMP-10294,Vertex Semiconductors India Pvt Ltd,pooja.das10294@vertexsemiconductors.in,20-02-1977,NEW_HIRE_ADDITION,SELF,2026-06-01,,,,2292.79
EMP-10295,Northgate Consulting Group Pvt Ltd,vikram.chauhan10295@northgateconsultinggroup.in,04-07-1977,NEW_HIRE_ADDITION,SELF|SPOUSE,2026-06-08,,,,7284.00
EMP-10296,Bluewave Logistics India Pvt Ltd,divya.bansal10296@bluewavelogistics.in,14-06-1978,DEPENDENT_MODIFICATION,CHILD,2026-04-11,,,,1838.00
EMP-10297,Pinnacle Pharma Labs Ltd,rohan.bhatia10297@pinnaclepharmalabs.in,18-03-1996,LIFE_EVENT_ADDITION,SPOUSE,,,2026-08-31,2026-09-24,3204.59
EMP-10298,Silverline Textiles Pvt Ltd,kavita.shetty10298@silverlinetextiles.in,29-01-1989,RESIGNATION_DELETION,SELF|SPOUSE,,2026-11-30,,,3958.21
EMP-10299,Sundale Agro Exports Pvt Ltd,aditya.chatterjee10299@sundaleagroexports.in,25-01-1966,DEPENDENT_MODIFICATION,PARENT,2026-12-30,,,,737.72
EMP-10300,Crestview Retail Ventures Pvt Ltd,kavita.singh10300@crestviewretailventures.in,26-01-1973,RESIGNATION_DELETION,SELF|SPOUSE|CHILD,,2026-10-05,,,2376.53
EMP-10301,Nimbus Cloudworks Pvt Ltd,vidya.kulkarni10301@nimbuscloudworks.in,13-12-1972,RESIGNATION_DELETION,SELF,,2026-01-25,,,7473.33
EMP-10302,Crestview Retail Ventures Pvt Ltd,ritu.desai10302@crestviewretailventures.in,17-11-1980,LIFE_EVENT_ADDITION,SPOUSE,,,2026-08-08,2026-08-19,598.63
EMP-10303,Ferrous Steel Works Pvt Ltd,harish.agarwal10303@ferroussteelworks.in,16-04-1967,NEW_HIRE_ADDITION,SELF,2026-08-20,,,,1257.45
EMP-10304,Meridian Energy Systems Pvt Ltd,deepak.reddy10304@meridianenergysystems.in,21-09-1979,RESIGNATION_DELETION,SELF|SPOUSE,,2026-12-26,,,1935.98
EMP-10305,Ferrous Steel Works Pvt Ltd,shreya.agarwal10305@ferroussteelworks.in,01-03-1967,DEPENDENT_MODIFICATION,CHILD|CHILD|CHILD,2026-03-29,,,,1435.45
EMP-10306,Nimbus Cloudworks Pvt Ltd,amit.kulkarni10306@nimbuscloudworks.in,20-04-1988,LIFE_EVENT_ADDITION,CHILD,,,2026-04-23,2026-05-18,1156.01
EMP-10307,Silverline Textiles Pvt Ltd,rahul.shetty10307@silverlinetextiles.in,28-11-2002,DEPENDENT_MODIFICATION,CHILD,2026-01-02,,,,285.71
EMP-10308,Silverline Textiles Pvt Ltd,nikhil.chatterjee10308@silverlinetextiles.in,21-06-1975,DEPENDENT_MODIFICATION,CHILD|CHILD,2026-06-09,,,,566.77
EMP-10309,Meridian Energy Systems Pvt Ltd,shreya.verma10309@meridianenergysystems.in,30-07-1968,LIFE_EVENT_ADDITION,SPOUSE,,,2026-07-04,2026-07-10,2654.60
EMP-10310,Zenith Auto Components Ltd,karan.kulkarni10310@zenithautocomponents.in,24-10-1985,NEW_HIRE_ADDITION,SELF|SPOUSE,2026-12-31,,,,3525.93
EMP-10311,Vertex Semiconductors India Pvt Ltd,harish.sharma10311@vertexsemiconductors.in,30-06-1974,NEW_HIRE_ADDITION,SELF|SPOUSE,2026-08-18,,,,3240.97
EMP-10312,TechCorp India Pvt Ltd,gaurav.agarwal10312@techcorp.in,04-03-1979,RESIGNATION_DELETION,SELF|CHILD,,2026-01-27,,,2997.44
EMP-10313,Granite Infra Projects Ltd,tarun.nair10313@graniteinfraprojects.in,06-10-1999,LIFE_EVENT_ADDITION,SPOUSE,,,2026-07-27,2026-08-06,1063.05
EMP-10314,Orbit Fintech Solutions Pvt Ltd,tanvi.shetty10314@orbitfintechsolutions.in,07-10-2000,RESIGNATION_DELETION,SELF|SPOUSE|CHILD,,2026-12-20,,,2384.90
EMP-10315,Harborline Shipping & Freight Pvt Ltd,vikram.das10315@harborlineshippingandfreight.in,15-08-1973,NEW_HIRE_ADDITION,SELF,2026-10-19,,,,1121.28
EMP-10316,Vertex Semiconductors India Pvt Ltd,deepak.kapoor10316@vertexsemiconductors.in,14-12-1985,NEW_HIRE_ADDITION,SELF|CHILD,2026-05-21,,,,6295.91
EMP-10317,Harborline Shipping & Freight Pvt Ltd,suresh.kapoor10317@harborlineshippingandfreight.in,24-03-1978,DEPENDENT_MODIFICATION,CHILD|CHILD,2026-08-04,,,,411.52
EMP-10318,Bluewave Logistics India Pvt Ltd,vikram.verma10318@bluewavelogistics.in,21-12-1986,NEW_HIRE_ADDITION,SELF,2026-05-22,,,,5394.16
EMP-10319,Silverline Textiles Pvt Ltd,aditya.kapoor10319@silverlinetextiles.in,06-08-1969,DEPENDENT_MODIFICATION,CHILD|CHILD,2026-03-18,,,,968.46
EMP-10320,Meridian Energy Systems Pvt Ltd,nikhil.das10320@meridianenergysystems.in,26-08-1994,DEPENDENT_MODIFICATION,CHILD|CHILD,2026-03-20,,,,1124.19
EMP-10321,Meridian Energy Systems Pvt Ltd,charu.singh10321@meridianenergysystems.in,14-03-1989,LIFE_EVENT_ADDITION,CHILD,,,2026-09-23,2026-09-28,2180.85
EMP-10322,Vertex Semiconductors India Pvt Ltd,vidya.mehta10322@vertexsemiconductors.in,04-05-1986,NEW_HIRE_ADDITION,SELF,2026-04-25,,,,7167.35
EMP-10323,Harborline Shipping & Freight Pvt Ltd,nikhil.reddy10323@harborlineshippingandfreight.in,14-04-1966,DEPENDENT_MODIFICATION,PARENT|PARENT_IN_LAW,2026-07-19,,,,789.54
EMP-10324,Harborline Shipping & Freight Pvt Ltd,deepak.mishra10324@harborlineshippingandfreight.in,07-04-1982,RESIGNATION_DELETION,SELF|SPOUSE|CHILD,,2026-08-18,,,4784.16
EMP-10325,Harborline Shipping & Freight Pvt Ltd,varun.iyer10325@harborlineshippingandfreight.in,03-05-1984,RESIGNATION_DELETION,SELF,,2026-08-27,,,5732.29
EMP-10326,Nimbus Cloudworks Pvt Ltd,charu.bose10326@nimbuscloudworks.in,27-06-1973,DEPENDENT_MODIFICATION,CHILD|CHILD|CHILD,2026-03-06,,,,627.85
EMP-10327,Northgate Consulting Group Pvt Ltd,charu.chauhan10327@northgateconsultinggroup.in,12-07-1996,RESIGNATION_DELETION,SELF|SPOUSE,,2026-08-12,,,5305.67
EMP-10328,Vertex Semiconductors India Pvt Ltd,meera.yadav10328@vertexsemiconductors.in,29-12-1979,NEW_HIRE_ADDITION,SELF|CHILD,2026-05-23,,,,1477.73
EMP-10329,Harborline Shipping & Freight Pvt Ltd,vivek.joshi10329@harborlineshippingandfreight.in,09-11-1994,NEW_HIRE_ADDITION,SELF|SPOUSE,2026-08-23,,,,2697.19
EMP-10330,Ferrous Steel Works Pvt Ltd,naveen.khanna10330@ferroussteelworks.in,08-12-1983,DEPENDENT_MODIFICATION,SPOUSE,2026-07-19,,,,1923.23
EMP-10331,Crestview Retail Ventures Pvt Ltd,anjali.gupta10331@crestviewretailventures.in,03-04-1969,LIFE_EVENT_ADDITION,CHILD,,,2026-03-03,2026-06-02,975.47
EMP-10332,Orbit Fintech Solutions Pvt Ltd,ashish.pillai10332@orbitfintechsolutions.in,09-07-2005,NEW_HIRE_ADDITION,SELF|SPOUSE|CHILD,2026-01-04,,,,5269.67
EMP-10333,Bluewave Logistics India Pvt Ltd,harish.verma10333@bluewavelogistics.in,16-09-1981,NEW_HIRE_ADDITION,SELF,2026-08-01,,,,5269.51
EMP-10334,Vertex Semiconductors India Pvt Ltd,ashish.mehta10334@vertexsemiconductors.in,10-07-1987,LIFE_EVENT_ADDITION,SPOUSE,,,2026-05-15,2026-06-05,941.76
EMP-10335,Zenith Auto Components Ltd,lakshmi.das10335@zenithautocomponents.in,19-05-1985,NEW_HIRE_ADDITION,SELF|CHILD,2026-06-29,,,,1401.69
EMP-10336,Harborline Shipping & Freight Pvt Ltd,pooja.mishra10336@harborlineshippingandfreight.in,28-09-1995,NEW_HIRE_ADDITION,SELF|SPOUSE|CHILD,2026-11-19,,,,2961.86
EMP-10337,Silverline Textiles Pvt Ltd,preeti.bose10337@silverlinetextiles.in,30-12-1969,RESIGNATION_DELETION,SELF|CHILD,,2026-03-07,,,5680.59
EMP-10338,Zenith Auto Components Ltd,vikram.roy10338@zenithautocomponents.in,05-04-1971,NEW_HIRE_ADDITION,SELF|SPOUSE,2026-07-19,,,,3410.61
EMP-10339,Vertex Semiconductors India Pvt Ltd,pooja.malhotra10339@vertexsemiconductors.in,05-05-1974,RESIGNATION_DELETION,SELF|CHILD,,2026-07-20,,,6837.06
EMP-10340,Zenith Auto Components Ltd,juhi.joshi10340@zenithautocomponents.in,12-12-1981,LIFE_EVENT_ADDITION,SPOUSE,,,2026-04-11,2026-04-19,2047.45
EMP-10341,Coral Reef Hospitality Pvt Ltd,rohan.chauhan10341@coralreefhospitality.in,27-05-1966,LIFE_EVENT_ADDITION,CHILD,,,2026-08-30,2026-09-29,3233.72
EMP-10342,Crestview Retail Ventures Pvt Ltd,payal.verma10342@crestviewretailventures.in,09-08-2004,NEW_HIRE_ADDITION,SELF|SPOUSE|CHILD,2026-07-03,,,,5720.42
EMP-10343,Nimbus Cloudworks Pvt Ltd,juhi.mehta10343@nimbuscloudworks.in,19-05-1976,RESIGNATION_DELETION,SELF|SPOUSE|CHILD,,2026-11-27,,,6479.51
EMP-10344,Harborline Shipping & Freight Pvt Ltd,tanvi.mehta10344@harborlineshippingandfreight.in,21-04-2001,LIFE_EVENT_ADDITION,SPOUSE,,,2026-11-06,2026-11-17,3403.13
EMP-10345,Harborline Shipping & Freight Pvt Ltd,anjali.sharma10345@harborlineshippingandfreight.in,15-11-2004,DEPENDENT_MODIFICATION,PARENT|PARENT_IN_LAW,2026-06-02,,,,297.86
EMP-10346,Northgate Consulting Group Pvt Ltd,karan.nair10346@northgateconsultinggroup.in,06-02-1967,RESIGNATION_DELETION,SELF|SPOUSE,,2026-10-01,,,6880.96
EMP-10347,Meridian Energy Systems Pvt Ltd,suresh.sharma10347@meridianenergysystems.in,21-12-1969,LIFE_EVENT_ADDITION,CHILD,,,2026-05-29,2026-06-14,2833.09
EMP-10348,Zenith Auto Components Ltd,nikhil.bose10348@zenithautocomponents.in,04-07-1997,NEW_HIRE_ADDITION,SELF|SPOUSE|CHILD,2026-01-23,,,,2493.21
EMP-10349,Harborline Shipping & Freight Pvt Ltd,tarun.kulkarni10349@harborlineshippingandfreight.in,05-02-1996,DEPENDENT_MODIFICATION,PARENT,2026-02-24,,,,1401.71
EMP-10350,Orbit Fintech Solutions Pvt Ltd,vivek.chauhan10350@orbitfintechsolutions.in,24-02-1970,LIFE_EVENT_ADDITION,CHILD,,,2026-08-20,2026-09-05,2631.01
EMP-10351,Coral Reef Hospitality Pvt Ltd,anjali.reddy10351@coralreefhospitality.in,14-09-1990,LIFE_EVENT_ADDITION,CHILD,,,2026-10-08,2026-10-28,2875.56
EMP-10352,Silverline Textiles Pvt Ltd,amit.trivedi10352@silverlinetextiles.in,23-09-1970,NEW_HIRE_ADDITION,SELF|SPOUSE|CHILD,2026-01-13,,,,5013.62
EMP-10353,Silverline Textiles Pvt Ltd,rajesh.khanna10353@silverlinetextiles.in,14-10-1968,DEPENDENT_MODIFICATION,CHILD|CHILD,2026-10-23,,,,392.69
EMP-10354,Zenith Auto Components Ltd,divya.pillai10354@zenithautocomponents.in,11-06-2001,RESIGNATION_DELETION,SELF,,2026-07-27,,,6816.80
EMP-10355,Silverline Textiles Pvt Ltd,sanjay.kulkarni10355@silverlinetextiles.in,13-04-1982,RESIGNATION_DELETION,SELF,,2026-12-28,,,7452.74
EMP-10356,TechCorp India Pvt Ltd,pooja.singh10356@techcorp.in,26-09-1976,RESIGNATION_DELETION,SELF,,2026-05-01,,,6934.45
EMP-10357,Harborline Shipping & Freight Pvt Ltd,pooja.verma10357@harborlineshippingandfreight.in,09-01-1988,RESIGNATION_DELETION,SELF|SPOUSE,,2026-01-20,,,1021.27
EMP-10358,Harborline Shipping & Freight Pvt Ltd,vikram.kapoor10358@harborlineshippingandfreight.in,02-01-2002,LIFE_EVENT_ADDITION,SPOUSE,,,2026-07-10,2026-07-26,2004.22
EMP-10359,Nimbus Cloudworks Pvt Ltd,aakash.singh10359@nimbuscloudworks.in,20-01-1996,NEW_HIRE_ADDITION,SELF,2026-01-23,,,,1701.02
EMP-10360,Nimbus Cloudworks Pvt Ltd,sanjay.desai10360@nimbuscloudworks.in,10-06-1992,DEPENDENT_MODIFICATION,PARENT|PARENT_IN_LAW,2026-04-16,,,,749.40
EMP-10361,Harborline Shipping & Freight Pvt Ltd,shreya.yadav10361@harborlineshippingandfreight.in,30-03-2004,DEPENDENT_MODIFICATION,CHILD|CHILD|CHILD,2026-02-11,,,,472.24
EMP-10362,Orbit Fintech Solutions Pvt Ltd,rekha.bose10362@orbitfintechsolutions.in,30-06-2004,DEPENDENT_MODIFICATION,SPOUSE,2026-10-01,,,,1378.06
EMP-10363,Ferrous Steel Works Pvt Ltd,manish.saxena10363@ferroussteelworks.in,15-01-1974,DEPENDENT_MODIFICATION,CHILD|CHILD,2026-02-04,,,,1557.82
EMP-10364,Granite Infra Projects Ltd,anjali.saxena10364@graniteinfraprojects.in,22-06-1973,RESIGNATION_DELETION,SELF,,2026-01-17,,,7397.60
EMP-10365,Orbit Fintech Solutions Pvt Ltd,karan.singh10365@orbitfintechsolutions.in,09-02-1993,NEW_HIRE_ADDITION,SELF|CHILD,2026-07-16,,,,6793.13
EMP-10366,TechCorp India Pvt Ltd,sneha.desai10366@techcorp.in,17-01-1994,RESIGNATION_DELETION,SELF|SPOUSE|CHILD,,2026-10-17,,,5040.37
EMP-10367,Sundale Agro Exports Pvt Ltd,rajesh.trivedi10367@sundaleagroexports.in,18-07-1989,NEW_HIRE_ADDITION,SELF,2026-09-10,,,,5304.74
EMP-10368,Coral Reef Hospitality Pvt Ltd,priya.singh10368@coralreefhospitality.in,11-05-1983,RESIGNATION_DELETION,SELF|CHILD,,2026-02-02,,,1657.96
EMP-10369,Sundale Agro Exports Pvt Ltd,kritika.chatterjee10369@sundaleagroexports.in,25-03-1976,LIFE_EVENT_ADDITION,CHILD,,,2026-12-07,2026-12-10,690.46
EMP-10370,Crestview Retail Ventures Pvt Ltd,charu.trivedi10370@crestviewretailventures.in,21-07-1994,DEPENDENT_MODIFICATION,PARENT|PARENT_IN_LAW,2026-03-30,,,,336.66
EMP-10371,Ferrous Steel Works Pvt Ltd,nisha.khanna10371@ferroussteelworks.in,06-12-1993,NEW_HIRE_ADDITION,SELF,2026-07-12,,,,7414.84
EMP-10372,Granite Infra Projects Ltd,vidya.bansal10372@graniteinfraprojects.in,20-02-1974,DEPENDENT_MODIFICATION,SPOUSE,2026-03-13,,,,1930.68
EMP-10373,Pinnacle Pharma Labs Ltd,karan.chauhan10373@pinnaclepharmalabs.in,05-07-1998,LIFE_EVENT_ADDITION,SPOUSE,,,2026-06-04,2026-06-07,3104.87
EMP-10374,Ferrous Steel Works Pvt Ltd,meera.nair10374@ferroussteelworks.in,27-03-1979,DEPENDENT_MODIFICATION,CHILD|CHILD|CHILD,2026-08-30,,,,28.19
EMP-10375,Ferrous Steel Works Pvt Ltd,tanvi.bansal10375@ferroussteelworks.in,02-03-2005,LIFE_EVENT_ADDITION,SPOUSE,,,2026-08-19,2026-09-06,2722.65
EMP-10376,Crestview Retail Ventures Pvt Ltd,bhavna.yadav10376@crestviewretailventures.in,16-06-1970,DEPENDENT_MODIFICATION,CHILD|CHILD,2026-12-25,,,,722.80
EMP-10377,Bluewave Logistics India Pvt Ltd,sneha.mishra10377@bluewavelogistics.in,29-07-1999,NEW_HIRE_ADDITION,SELF,2026-07-30,,,,4215.18
EMP-10378,Silverline Textiles Pvt Ltd,yash.desai10378@silverlinetextiles.in,26-10-1976,NEW_HIRE_ADDITION,SELF|SPOUSE|CHILD,2026-07-29,,,,3889.08
EMP-10379,Northgate Consulting Group Pvt Ltd,rohan.saxena10379@northgateconsultinggroup.in,10-07-2003,DEPENDENT_MODIFICATION,SPOUSE,2026-02-07,,,,1782.43
EMP-10380,Coral Reef Hospitality Pvt Ltd,swati.pillai10380@coralreefhospitality.in,23-09-1977,RESIGNATION_DELETION,SELF|SPOUSE|CHILD,,2026-11-21,,,1257.45
EMP-10381,Nimbus Cloudworks Pvt Ltd,nisha.joshi10381@nimbuscloudworks.in,21-05-1988,LIFE_EVENT_ADDITION,SPOUSE,,,2026-01-15,2026-01-22,2691.78
EMP-10382,Pinnacle Pharma Labs Ltd,bhavna.saxena10382@pinnaclepharmalabs.in,20-11-1974,LIFE_EVENT_ADDITION,SPOUSE,,,2026-11-16,2026-12-06,3202.60
EMP-10383,Harborline Shipping & Freight Pvt Ltd,bhavna.mehta10383@harborlineshippingandfreight.in,08-02-1966,NEW_HIRE_ADDITION,SELF|SPOUSE|CHILD,2026-09-03,,,,4456.10
EMP-10384,Sundale Agro Exports Pvt Ltd,bhavna.shetty10384@sundaleagroexports.in,11-07-1966,DEPENDENT_MODIFICATION,SPOUSE,2026-05-30,,,,1952.89
EMP-10385,Ferrous Steel Works Pvt Ltd,ananya.chatterjee10385@ferroussteelworks.in,05-03-1980,DEPENDENT_MODIFICATION,PARENT|PARENT_IN_LAW,2026-01-17,,,,207.89
EMP-10386,Crestview Retail Ventures Pvt Ltd,bhavna.shetty10386@crestviewretailventures.in,25-02-1979,NEW_HIRE_ADDITION,SELF,2026-05-07,,,,5102.62
EMP-10387,Coral Reef Hospitality Pvt Ltd,swati.agarwal10387@coralreefhospitality.in,12-12-1971,NEW_HIRE_ADDITION,SELF|SPOUSE,2026-06-09,,,,1018.72
EMP-10388,Pinnacle Pharma Labs Ltd,payal.menon10388@pinnaclepharmalabs.in,17-06-1969,RESIGNATION_DELETION,SELF|SPOUSE|CHILD,,2026-10-24,,,3975.54
EMP-10389,Silverline Textiles Pvt Ltd,payal.mehta10389@silverlinetextiles.in,07-05-1975,NEW_HIRE_ADDITION,SELF|SPOUSE|CHILD,2026-07-13,,,,1777.36
EMP-10390,Nimbus Cloudworks Pvt Ltd,preeti.khanna10390@nimbuscloudworks.in,07-09-1967,NEW_HIRE_ADDITION,SELF,2026-01-11,,,,4506.71
EMP-10391,Ferrous Steel Works Pvt Ltd,nikhil.reddy10391@ferroussteelworks.in,11-12-1966,RESIGNATION_DELETION,SELF,,2026-12-20,,,6071.44
EMP-10392,Bluewave Logistics India Pvt Ltd,charu.bhatia10392@bluewavelogistics.in,15-06-1980,LIFE_EVENT_ADDITION,SPOUSE,,,2026-11-06,2027-01-01,341.79
EMP-10393,Harborline Shipping & Freight Pvt Ltd,nikhil.desai10393@harborlineshippingandfreight.in,23-07-1970,LIFE_EVENT_ADDITION,CHILD,,,2026-03-09,2026-03-19,2952.01
EMP-10394,Nimbus Cloudworks Pvt Ltd,rakesh.verma10394@nimbuscloudworks.in,17-06-1977,RESIGNATION_DELETION,SELF|SPOUSE,,2026-12-01,,,1390.15
EMP-10395,Granite Infra Projects Ltd,sanjay.singh10395@graniteinfraprojects.in,11-10-1990,DEPENDENT_MODIFICATION,PARENT,2026-01-03,,,,535.60
EMP-10396,Bluewave Logistics India Pvt Ltd,shreya.roy10396@bluewavelogistics.in,09-06-1988,RESIGNATION_DELETION,SELF|SPOUSE|CHILD,,2026-11-20,,,2182.87
EMP-10397,Crestview Retail Ventures Pvt Ltd,vikram.yadav10397@crestviewretailventures.in,09-07-2003,RESIGNATION_DELETION,SELF,,2026-04-20,,,1981.15
EMP-10398,Crestview Retail Ventures Pvt Ltd,shreya.kulkarni10398@crestviewretailventures.in,08-04-1993,RESIGNATION_DELETION,SELF|CHILD,,2026-12-07,,,5301.99
EMP-10399,Meridian Energy Systems Pvt Ltd,ira.chauhan10399@meridianenergysystems.in,24-01-1993,NEW_HIRE_ADDITION,SELF|SPOUSE|CHILD,2026-08-05,,,,2774.76
EMP-10400,Nimbus Cloudworks Pvt Ltd,aditya.nair10400@nimbuscloudworks.in,18-05-1987,DEPENDENT_MODIFICATION,PARENT_IN_LAW,2026-03-07,,,,647.44
EMP-10401,Nimbus Cloudworks Pvt Ltd,ritu.rao10401@nimbuscloudworks.in,14-11-1991,NEW_HIRE_ADDITION,SELF|SPOUSE,2026-01-20,,,,7047.45
EMP-10402,Coral Reef Hospitality Pvt Ltd,vivek.chatterjee10402@coralreefhospitality.in,19-10-1990,NEW_HIRE_ADDITION,SELF|SPOUSE,2026-11-13,,,,6804.36
EMP-10403,Nimbus Cloudworks Pvt Ltd,nikhil.reddy10403@nimbuscloudworks.in,08-01-1987,RESIGNATION_DELETION,SELF|SPOUSE,,2026-10-31,,,2614.96
EMP-10404,Bluewave Logistics India Pvt Ltd,ananya.chatterjee10404@bluewavelogistics.in,12-05-1978,LIFE_EVENT_ADDITION,CHILD,,,2026-06-24,2026-07-02,3331.37
EMP-10405,Nimbus Cloudworks Pvt Ltd,vidya.singh10405@nimbuscloudworks.in,09-06-1973,LIFE_EVENT_ADDITION,CHILD,,,2026-08-30,2026-09-04,788.20
EMP-10406,TechCorp India Pvt Ltd,tanvi.bhatia10406@techcorp.in,12-09-1988,LIFE_EVENT_ADDITION,SPOUSE,,,2026-11-18,2026-12-15,495.64
EMP-10407,Ferrous Steel Works Pvt Ltd,deepak.saxena10407@ferroussteelworks.in,20-11-1977,DEPENDENT_MODIFICATION,PARENT,2026-05-29,,,,1002.27
EMP-10408,Vertex Semiconductors India Pvt Ltd,nisha.das10408@vertexsemiconductors.in,27-09-1970,NEW_HIRE_ADDITION,SELF,2026-07-11,,,,1512.34
EMP-10409,Bluewave Logistics India Pvt Ltd,lakshmi.khanna10409@bluewavelogistics.in,05-04-1983,RESIGNATION_DELETION,SELF|SPOUSE|CHILD,,2026-01-04,,,3061.75
EMP-10410,Silverline Textiles Pvt Ltd,neha.bose10410@silverlinetextiles.in,30-12-1968,LIFE_EVENT_ADDITION,CHILD,,,2026-04-25,2026-05-15,1664.07
EMP-10411,Crestview Retail Ventures Pvt Ltd,naveen.kulkarni10411@crestviewretailventures.in,02-01-1981,NEW_HIRE_ADDITION,SELF|CHILD,2026-06-09,,,,4494.06
EMP-10412,Northgate Consulting Group Pvt Ltd,sanjay.joshi10412@northgateconsultinggroup.in,26-04-1988,RESIGNATION_DELETION,SELF|SPOUSE,,2026-05-27,,,6477.12
EMP-10413,Meridian Energy Systems Pvt Ltd,ira.reddy10413@meridianenergysystems.in,13-07-1982,NEW_HIRE_ADDITION,SELF|SPOUSE,2026-05-10,,,,4737.34
EMP-10414,Orbit Fintech Solutions Pvt Ltd,yash.roy10414@orbitfintechsolutions.in,30-06-1974,RESIGNATION_DELETION,SELF|SPOUSE,,2026-12-25,,,4872.53
EMP-10415,Ferrous Steel Works Pvt Ltd,preeti.singh10415@ferroussteelworks.in,21-08-1969,RESIGNATION_DELETION,SELF|SPOUSE|CHILD,,2026-11-21,,,4055.35
EMP-10416,Coral Reef Hospitality Pvt Ltd,vikram.mishra10416@coralreefhospitality.in,18-07-1972,NEW_HIRE_ADDITION,SELF,2026-10-07,,,,4240.52
EMP-10417,Meridian Energy Systems Pvt Ltd,ira.agarwal10417@meridianenergysystems.in,18-02-1980,LIFE_EVENT_ADDITION,CHILD,,,2026-09-29,2026-10-05,2235.42
EMP-10418,Granite Infra Projects Ltd,bhavna.agarwal10418@graniteinfraprojects.in,26-03-1997,NEW_HIRE_ADDITION,SELF|CHILD,2026-11-16,,,,5829.61
EMP-10419,Silverline Textiles Pvt Ltd,rohan.roy10419@silverlinetextiles.in,06-07-1969,LIFE_EVENT_ADDITION,SPOUSE,,,2026-10-26,2026-11-28,2599.99
EMP-10420,Meridian Energy Systems Pvt Ltd,payal.joshi10420@meridianenergysystems.in,28-11-2003,NEW_HIRE_ADDITION,SELF|CHILD,2026-03-24,,,,1402.01
EMP-10421,Northgate Consulting Group Pvt Ltd,amit.das10421@northgateconsultinggroup.in,20-05-1969,NEW_HIRE_ADDITION,SELF|SPOUSE,2026-12-23,,,,6178.28
EMP-10422,Silverline Textiles Pvt Ltd,preeti.bansal10422@silverlinetextiles.in,11-09-1996,LIFE_EVENT_ADDITION,SPOUSE,,,2026-05-12,2026-05-25,785.91
EMP-10423,Silverline Textiles Pvt Ltd,vikram.chatterjee10423@silverlinetextiles.in,15-01-2005,NEW_HIRE_ADDITION,SELF|SPOUSE|CHILD,2026-09-15,,,,3597.82
EMP-10424,Sundale Agro Exports Pvt Ltd,harish.desai10424@sundaleagroexports.in,09-11-1974,LIFE_EVENT_ADDITION,SPOUSE,,,2026-02-21,2026-03-18,886.77
EMP-10425,Crestview Retail Ventures Pvt Ltd,simran.chauhan10425@crestviewretailventures.in,01-07-1997,RESIGNATION_DELETION,SELF|SPOUSE|CHILD,,2026-10-31,,,5607.39
EMP-10426,Vertex Semiconductors India Pvt Ltd,rekha.mehta10426@vertexsemiconductors.in,31-10-2005,DEPENDENT_MODIFICATION,SPOUSE|SPOUSE,2026-02-09,,,,481.74
EMP-10427,Ferrous Steel Works Pvt Ltd,anjali.chauhan10427@ferroussteelworks.in,31-05-1982,LIFE_EVENT_ADDITION,SPOUSE,,,2026-04-30,2026-05-23,1757.81
EMP-10428,Nimbus Cloudworks Pvt Ltd,aakash.saxena10428@nimbuscloudworks.in,11-04-1967,RESIGNATION_DELETION,SELF,,2026-08-26,,,2404.20
EMP-10429,Northgate Consulting Group Pvt Ltd,manish.chauhan10429@northgateconsultinggroup.in,16-12-1978,RESIGNATION_DELETION,SELF|SPOUSE,,2026-07-19,,,6441.43
EMP-10430,Zenith Auto Components Ltd,simran.nair10430@zenithautocomponents.in,01-03-1971,NEW_HIRE_ADDITION,SELF|CHILD,2026-12-05,,,,2595.25
EMP-10431,Zenith Auto Components Ltd,juhi.joshi10431@zenithautocomponents.in,26-10-1999,DEPENDENT_MODIFICATION,PARENT|PARENT_IN_LAW,2026-01-14,,,,1383.94
EMP-10432,TechCorp India Pvt Ltd,shreya.chauhan10432@techcorp.in,07-12-1966,RESIGNATION_DELETION,SELF,,2026-05-14,,,5683.66
EMP-10433,Ferrous Steel Works Pvt Ltd,neha.kulkarni10433@ferroussteelworks.in,12-04-1966,LIFE_EVENT_ADDITION,CHILD,,,2026-05-26,2026-06-12,339.59
EMP-10434,Harborline Shipping & Freight Pvt Ltd,priya.reddy10434@harborlineshippingandfreight.in,20-11-1998,NEW_HIRE_ADDITION,SELF|SPOUSE|CHILD,2026-12-09,,,,7346.87
EMP-10435,Harborline Shipping & Freight Pvt Ltd,deepak.mehta10435@harborlineshippingandfreight.in,24-03-2005,NEW_HIRE_ADDITION,SELF|CHILD,2026-05-19,,,,3463.83
EMP-10436,Ferrous Steel Works Pvt Ltd,rekha.agarwal10436@ferroussteelworks.in,08-11-1969,RESIGNATION_DELETION,SELF|SPOUSE|CHILD,,2026-07-04,,,2456.09
EMP-10437,Bluewave Logistics India Pvt Ltd,yash.das10437@bluewavelogistics.in,01-03-1977,RESIGNATION_DELETION,SELF,,2026-03-20,,,3080.57
EMP-10438,Orbit Fintech Solutions Pvt Ltd,anjali.singh10438@orbitfintechsolutions.in,23-10-1968,LIFE_EVENT_ADDITION,SPOUSE,,,2026-11-22,2026-11-22,1482.03
EMP-10439,Sundale Agro Exports Pvt Ltd,shreya.reddy10439@sundaleagroexports.in,09-02-2001,NEW_HIRE_ADDITION,SELF|SPOUSE,2026-12-16,,,,1063.33
EMP-10440,Harborline Shipping & Freight Pvt Ltd,gaurav.pillai10440@harborlineshippingandfreight.in,10-09-1991,LIFE_EVENT_ADDITION,CHILD,,,2026-03-04,2026-03-07,2498.98
EMP-10441,Vertex Semiconductors India Pvt Ltd,nisha.joshi10441@vertexsemiconductors.in,21-09-1993,LIFE_EVENT_ADDITION,SPOUSE,,,2026-09-15,2026-09-23,460.54
EMP-10442,Bluewave Logistics India Pvt Ltd,swati.joshi10442@bluewavelogistics.in,17-12-1989,LIFE_EVENT_ADDITION,SPOUSE,,,2026-10-11,2026-10-13,2346.63
EMP-10443,Meridian Energy Systems Pvt Ltd,simran.saxena10443@meridianenergysystems.in,11-03-1992,RESIGNATION_DELETION,SELF,,2026-04-27,,,1098.51
EMP-10444,Zenith Auto Components Ltd,payal.gupta10444@zenithautocomponents.in,02-12-1991,RESIGNATION_DELETION,SELF|SPOUSE|CHILD,,2026-02-17,,,1072.36
EMP-10445,Coral Reef Hospitality Pvt Ltd,mohit.chatterjee10445@coralreefhospitality.in,20-06-1983,RESIGNATION_DELETION,SELF|CHILD,,2026-06-21,,,7380.41
EMP-10446,Crestview Retail Ventures Pvt Ltd,anjali.yadav10446@crestviewretailventures.in,08-09-1968,LIFE_EVENT_ADDITION,SPOUSE,,,2026-04-12,2026-04-28,638.22
EMP-10447,Silverline Textiles Pvt Ltd,neha.malhotra10447@silverlinetextiles.in,11-12-1973,LIFE_EVENT_ADDITION,CHILD,,,2026-11-11,2026-11-18,1164.73
EMP-10448,Crestview Retail Ventures Pvt Ltd,swati.bhatia10448@crestviewretailventures.in,29-11-1965,NEW_HIRE_ADDITION,SELF,2026-05-13,,,,6851.69
EMP-10449,Zenith Auto Components Ltd,varun.bose10449@zenithautocomponents.in,28-10-1995,NEW_HIRE_ADDITION,SELF,2026-07-06,,,,5883.45
EMP-10450,Ferrous Steel Works Pvt Ltd,payal.gupta10450@ferroussteelworks.in,28-04-2001,RESIGNATION_DELETION,SELF,,2026-04-19,,,2009.05
EMP-10451,Northgate Consulting Group Pvt Ltd,ira.roy10451@northgateconsultinggroup.in,26-09-1992,RESIGNATION_DELETION,SELF|SPOUSE|CHILD,,2026-02-28,,,4932.65
EMP-10452,Orbit Fintech Solutions Pvt Ltd,meera.das10452@orbitfintechsolutions.in,21-05-1987,DEPENDENT_MODIFICATION,CHILD|CHILD|CHILD,2026-10-27,,,,328.02
EMP-10453,Ferrous Steel Works Pvt Ltd,amit.shetty10453@ferroussteelworks.in,13-01-2003,LIFE_EVENT_ADDITION,SPOUSE,,,2026-11-24,2026-12-07,1800.36
EMP-10454,Crestview Retail Ventures Pvt Ltd,meera.bhatia10454@crestviewretailventures.in,11-11-1976,NEW_HIRE_ADDITION,SELF|CHILD,2026-01-19,,,,3254.55
EMP-10455,Coral Reef Hospitality Pvt Ltd,suresh.reddy10455@coralreefhospitality.in,20-11-1965,RESIGNATION_DELETION,SELF|SPOUSE|CHILD,,2026-01-02,,,4122.64
EMP-10456,Orbit Fintech Solutions Pvt Ltd,juhi.khanna10456@orbitfintechsolutions.in,07-07-1990,DEPENDENT_MODIFICATION,SPOUSE|SPOUSE,2026-03-15,,,,247.23
EMP-10457,Zenith Auto Components Ltd,divya.mishra10457@zenithautocomponents.in,05-06-1987,DEPENDENT_MODIFICATION,PARENT|PARENT_IN_LAW,2026-11-06,,,,1443.52
EMP-10458,Coral Reef Hospitality Pvt Ltd,ira.saxena10458@coralreefhospitality.in,20-08-2002,LIFE_EVENT_ADDITION,CHILD,,,2026-10-22,2026-11-04,2058.07
EMP-10459,Meridian Energy Systems Pvt Ltd,sneha.gupta10459@meridianenergysystems.in,04-03-1965,LIFE_EVENT_ADDITION,CHILD,,,2026-05-11,2026-06-08,990.36
EMP-10460,Silverline Textiles Pvt Ltd,vivek.mehta10460@silverlinetextiles.in,28-07-1978,NEW_HIRE_ADDITION,SELF|CHILD,2026-12-11,,,,5517.44
EMP-10461,Orbit Fintech Solutions Pvt Ltd,manish.kulkarni10461@orbitfintechsolutions.in,01-03-1989,DEPENDENT_MODIFICATION,CHILD,2026-05-31,,,,143.14
EMP-10462,Harborline Shipping & Freight Pvt Ltd,neha.malhotra10462@harborlineshippingandfreight.in,15-04-1991,NEW_HIRE_ADDITION,SELF|SPOUSE,2026-09-05,,,,1114.44
EMP-10463,Harborline Shipping & Freight Pvt Ltd,arjun.joshi10463@harborlineshippingandfreight.in,05-03-1996,LIFE_EVENT_ADDITION,SPOUSE,,,2026-05-10,2026-05-21,625.03
EMP-10464,Orbit Fintech Solutions Pvt Ltd,yash.kapoor10464@orbitfintechsolutions.in,23-10-1981,LIFE_EVENT_ADDITION,CHILD,,,2026-09-27,2026-10-04,2980.06
EMP-10465,Coral Reef Hospitality Pvt Ltd,pooja.singh10465@coralreefhospitality.in,30-08-2002,NEW_HIRE_ADDITION,SELF|SPOUSE|CHILD,2026-06-15,,,,2536.40
EMP-10466,Northgate Consulting Group Pvt Ltd,yash.trivedi10466@northgateconsultinggroup.in,27-02-1966,LIFE_EVENT_ADDITION,CHILD,,,2026-11-29,2027-02-06,2661.38
EMP-10467,Orbit Fintech Solutions Pvt Ltd,mohit.bhatia10467@orbitfintechsolutions.in,22-10-1973,NEW_HIRE_ADDITION,SELF|SPOUSE|CHILD,2026-06-10,,,,6702.13
EMP-10468,Silverline Textiles Pvt Ltd,suresh.mehta10468@silverlinetextiles.in,21-08-1976,NEW_HIRE_ADDITION,SELF|SPOUSE|CHILD,2026-06-06,,,,1796.06
EMP-10469,Orbit Fintech Solutions Pvt Ltd,meera.nair10469@orbitfintechsolutions.in,05-05-1965,NEW_HIRE_ADDITION,SELF|SPOUSE|CHILD,2026-11-27,,,,7266.11
EMP-10470,Coral Reef Hospitality Pvt Ltd,neha.chauhan10470@coralreefhospitality.in,17-07-1974,NEW_HIRE_ADDITION,SELF,2026-06-01,,,,2666.79
EMP-10471,Granite Infra Projects Ltd,swati.reddy10471@graniteinfraprojects.in,28-03-2002,LIFE_EVENT_ADDITION,CHILD,,,2026-04-16,2026-05-09,816.21
EMP-10472,Harborline Shipping & Freight Pvt Ltd,rajesh.joshi10472@harborlineshippingandfreight.in,21-06-1978,LIFE_EVENT_ADDITION,SPOUSE,,,2026-01-26,2026-04-11,872.94
EMP-10473,Orbit Fintech Solutions Pvt Ltd,neha.desai10473@orbitfintechsolutions.in,08-10-2003,RESIGNATION_DELETION,SELF,,2026-08-23,,,6124.62
EMP-10474,Coral Reef Hospitality Pvt Ltd,divya.mehta10474@coralreefhospitality.in,10-05-2004,RESIGNATION_DELETION,SELF|SPOUSE|CHILD,,2026-03-24,,,2321.25
EMP-10475,Granite Infra Projects Ltd,vikram.khanna10475@graniteinfraprojects.in,11-05-1980,LIFE_EVENT_ADDITION,SPOUSE,,,2026-06-17,2026-07-01,2182.18
EMP-10476,Pinnacle Pharma Labs Ltd,rekha.pillai10476@pinnaclepharmalabs.in,30-12-1980,NEW_HIRE_ADDITION,SELF|SPOUSE,2026-10-03,,,,4989.44
EMP-10477,TechCorp India Pvt Ltd,siddharth.chauhan10477@techcorp.in,14-10-1987,DEPENDENT_MODIFICATION,CHILD|CHILD,2026-02-20,,,,140.70
EMP-10478,Orbit Fintech Solutions Pvt Ltd,divya.yadav10478@orbitfintechsolutions.in,27-07-1965,RESIGNATION_DELETION,SELF|SPOUSE|CHILD,,2026-11-24,,,2461.88
EMP-10479,Nimbus Cloudworks Pvt Ltd,amit.menon10479@nimbuscloudworks.in,10-04-1978,RESIGNATION_DELETION,SELF|CHILD,,2026-02-16,,,4012.82
EMP-10480,Nimbus Cloudworks Pvt Ltd,tanvi.gupta10480@nimbuscloudworks.in,02-08-2000,DEPENDENT_MODIFICATION,PARENT_IN_LAW,2026-02-10,,,,103.90
EMP-10481,Coral Reef Hospitality Pvt Ltd,gaurav.chatterjee10481@coralreefhospitality.in,04-04-1971,RESIGNATION_DELETION,SELF,,2026-12-28,,,4121.90
EMP-10482,Bluewave Logistics India Pvt Ltd,manish.iyer10482@bluewavelogistics.in,15-05-2000,RESIGNATION_DELETION,SELF,,2026-08-14,,,6775.17
EMP-10483,Bluewave Logistics India Pvt Ltd,rakesh.nair10483@bluewavelogistics.in,24-11-1998,LIFE_EVENT_ADDITION,CHILD,,,2026-11-25,2026-11-25,839.62
EMP-10484,Bluewave Logistics India Pvt Ltd,rajesh.sharma10484@bluewavelogistics.in,15-11-1967,NEW_HIRE_ADDITION,SELF|SPOUSE|CHILD,2026-06-30,,,,2530.87
EMP-10485,Silverline Textiles Pvt Ltd,anjali.khanna10485@silverlinetextiles.in,30-07-1997,LIFE_EVENT_ADDITION,SPOUSE,,,2026-02-20,2026-03-05,1235.12
EMP-10486,TechCorp India Pvt Ltd,divya.iyer10486@techcorp.in,18-01-2001,LIFE_EVENT_ADDITION,SPOUSE,,,2026-04-15,2026-05-07,1931.45
EMP-10487,Crestview Retail Ventures Pvt Ltd,amit.gupta10487@crestviewretailventures.in,30-12-1979,LIFE_EVENT_ADDITION,CHILD,,,2026-09-06,2026-09-06,326.50
EMP-10488,TechCorp India Pvt Ltd,deepak.desai10488@techcorp.in,31-03-1969,NEW_HIRE_ADDITION,SELF,2026-06-08,,,,1475.68
EMP-10489,Meridian Energy Systems Pvt Ltd,meera.desai10489@meridianenergysystems.in,24-12-2002,NEW_HIRE_ADDITION,SELF|CHILD,2026-09-23,,,,2394.14
EMP-10490,Crestview Retail Ventures Pvt Ltd,neha.yadav10490@crestviewretailventures.in,25-11-1993,LIFE_EVENT_ADDITION,CHILD,,,2026-12-29,2027-05-12,2083.27
EMP-10491,Crestview Retail Ventures Pvt Ltd,payal.yadav10491@crestviewretailventures.in,20-07-1998,RESIGNATION_DELETION,SELF,,2026-08-30,,,6129.97
EMP-10492,Zenith Auto Components Ltd,mohit.mishra10492@zenithautocomponents.in,29-01-1976,DEPENDENT_MODIFICATION,PARENT|PARENT_IN_LAW,2026-03-23,,,,1706.34
EMP-10493,Coral Reef Hospitality Pvt Ltd,naveen.shetty10493@coralreefhospitality.in,20-07-1970,LIFE_EVENT_ADDITION,SPOUSE,,,2026-06-14,2026-06-30,1413.93
EMP-10494,Crestview Retail Ventures Pvt Ltd,shreya.joshi10494@crestviewretailventures.in,02-01-2005,LIFE_EVENT_ADDITION,SPOUSE,,,2026-08-13,2026-08-20,1190.97
EMP-10495,Bluewave Logistics India Pvt Ltd,amit.agarwal10495@bluewavelogistics.in,20-03-1966,NEW_HIRE_ADDITION,SELF|SPOUSE,2026-10-19,,,,6079.67
EMP-10496,Zenith Auto Components Ltd,manish.khanna10496@zenithautocomponents.in,21-01-1994,RESIGNATION_DELETION,SELF|CHILD,,2026-04-29,,,6153.32
EMP-10497,Northgate Consulting Group Pvt Ltd,anjali.verma10497@northgateconsultinggroup.in,04-06-1976,NEW_HIRE_ADDITION,SELF|SPOUSE,2026-04-14,,,,7424.49
EMP-10498,Ferrous Steel Works Pvt Ltd,bhavna.verma10498@ferroussteelworks.in,18-08-1997,NEW_HIRE_ADDITION,SELF,2026-05-14,,,,4738.76
EMP-10499,Bluewave Logistics India Pvt Ltd,anjali.saxena10499@bluewavelogistics.in,06-06-2002,LIFE_EVENT_ADDITION,CHILD,,,2026-07-01,2026-09-10,346.54
EMP-10500,TechCorp India Pvt Ltd,ashish.nair10500@techcorp.in,08-11-1967,LIFE_EVENT_ADDITION,CHILD,,,2026-07-18,2026-09-30,1863.75
EMP-10501,Nimbus Cloudworks Pvt Ltd,sanjay.khanna10501@nimbuscloudworks.in,01-06-1996,DEPENDENT_MODIFICATION,PARENT,2026-07-14,,,,833.90
EMP-10502,Silverline Textiles Pvt Ltd,anjali.singh10502@silverlinetextiles.in,31-08-1980,LIFE_EVENT_ADDITION,CHILD,,,2026-11-26,2026-12-21,3122.40
EMP-10503,Silverline Textiles Pvt Ltd,vidya.sharma10503@silverlinetextiles.in,14-11-1978,LIFE_EVENT_ADDITION,SPOUSE,,,2026-06-02,2026-06-19,3249.98
EMP-10504,Bluewave Logistics India Pvt Ltd,karan.saxena10504@bluewavelogistics.in,29-09-1994,DEPENDENT_MODIFICATION,SPOUSE,2026-06-03,,,,1725.29
EMP-10505,Harborline Shipping & Freight Pvt Ltd,aditya.bhatia10505@harborlineshippingandfreight.in,07-04-1995,LIFE_EVENT_ADDITION,SPOUSE,,,2026-03-19,2026-03-22,410.00
EMP-10506,Silverline Textiles Pvt Ltd,aditya.khanna10506@silverlinetextiles.in,06-08-2000,RESIGNATION_DELETION,SELF|SPOUSE|CHILD,,2026-02-14,,,959.44
EMP-10507,Ferrous Steel Works Pvt Ltd,aakash.desai10507@ferroussteelworks.in,19-09-1971,DEPENDENT_MODIFICATION,CHILD|CHILD,2026-10-20,,,,587.62
EMP-10508,Northgate Consulting Group Pvt Ltd,sneha.verma10508@northgateconsultinggroup.in,06-11-1994,RESIGNATION_DELETION,SELF|SPOUSE|CHILD,,2026-09-16,,,2150.00
EMP-10509,Ferrous Steel Works Pvt Ltd,amit.khanna10509@ferroussteelworks.in,28-01-2002,RESIGNATION_DELETION,SELF,,2026-10-12,,,5462.37
EMP-10510,Harborline Shipping & Freight Pvt Ltd,anjali.khanna10510@harborlineshippingandfreight.in,24-04-2000,RESIGNATION_DELETION,SELF|SPOUSE|CHILD,,2026-03-26,,,2674.79
EMP-10511,Zenith Auto Components Ltd,kavita.reddy10511@zenithautocomponents.in,26-04-1997,LIFE_EVENT_ADDITION,CHILD,,,2026-12-24,2027-01-14,1869.66
EMP-10512,Bluewave Logistics India Pvt Ltd,naveen.joshi10512@bluewavelogistics.in,04-02-1969,RESIGNATION_DELETION,SELF|SPOUSE|CHILD,,2026-03-16,,,3274.17
EMP-10513,Ferrous Steel Works Pvt Ltd,amit.yadav10513@ferroussteelworks.in,02-08-1973,RESIGNATION_DELETION,SELF|SPOUSE|CHILD,,2026-06-27,,,3281.52
EMP-10514,TechCorp India Pvt Ltd,gaurav.kapoor10514@techcorp.in,28-03-1999,LIFE_EVENT_ADDITION,SPOUSE,,,2026-04-15,2026-07-05,1714.33
EMP-10515,Sundale Agro Exports Pvt Ltd,suresh.bansal10515@sundaleagroexports.in,24-01-1984,NEW_HIRE_ADDITION,SELF|SPOUSE,2026-03-22,,,,7474.54
EMP-10516,Silverline Textiles Pvt Ltd,tanvi.sharma10516@silverlinetextiles.in,10-03-1970,DEPENDENT_MODIFICATION,SPOUSE|SPOUSE,2026-06-14,,,,1772.62
EMP-10517,Northgate Consulting Group Pvt Ltd,lakshmi.desai10517@northgateconsultinggroup.in,22-12-1976,LIFE_EVENT_ADDITION,SPOUSE,,,2026-03-26,2026-09-14,2123.94
EMP-10518,Harborline Shipping & Freight Pvt Ltd,anjali.kapoor10518@harborlineshippingandfreight.in,01-04-1975,DEPENDENT_MODIFICATION,CHILD|CHILD|CHILD,2026-10-13,,,,846.19
EMP-10519,TechCorp India Pvt Ltd,lakshmi.saxena10519@techcorp.in,03-07-2003,NEW_HIRE_ADDITION,SELF|SPOUSE,2026-01-18,,,,1041.89
EMP-10520,Harborline Shipping & Freight Pvt Ltd,neha.kulkarni10520@harborlineshippingandfreight.in,14-01-1990,DEPENDENT_MODIFICATION,SPOUSE,2026-06-14,,,,1391.65
EMP-10521,TechCorp India Pvt Ltd,karan.singh10521@techcorp.in,05-04-2002,LIFE_EVENT_ADDITION,SPOUSE,,,2026-08-26,2026-09-13,3044.53
EMP-10522,Sundale Agro Exports Pvt Ltd,meera.chauhan10522@sundaleagroexports.in,07-03-1998,DEPENDENT_MODIFICATION,SPOUSE,2026-02-03,,,,1315.09
EMP-10523,Silverline Textiles Pvt Ltd,sneha.shetty10523@silverlinetextiles.in,25-10-2004,RESIGNATION_DELETION,SELF|CHILD,,2026-09-22,,,5577.34
EMP-10524,Nimbus Cloudworks Pvt Ltd,manish.rao10524@nimbuscloudworks.in,19-12-1978,NEW_HIRE_ADDITION,SELF|CHILD,2026-02-04,,,,7255.67
EMP-10525,Meridian Energy Systems Pvt Ltd,payal.desai10525@meridianenergysystems.in,26-10-1970,NEW_HIRE_ADDITION,SELF|CHILD,2026-12-27,,,,4411.86
EMP-10526,TechCorp India Pvt Ltd,meera.das10526@techcorp.in,19-05-1975,RESIGNATION_DELETION,SELF|SPOUSE|CHILD,,2026-06-20,,,2238.75
EMP-10527,Meridian Energy Systems Pvt Ltd,arjun.mehta10527@meridianenergysystems.in,05-10-1990,RESIGNATION_DELETION,SELF,,2026-04-10,,,2721.19
EMP-10528,Ferrous Steel Works Pvt Ltd,ira.roy10528@ferroussteelworks.in,19-03-2004,NEW_HIRE_ADDITION,SELF|CHILD,2026-03-17,,,,2775.38
EMP-10529,Harborline Shipping & Freight Pvt Ltd,rajesh.desai10529@harborlineshippingandfreight.in,31-12-1992,RESIGNATION_DELETION,SELF,,2026-04-08,,,1163.94
EMP-10530,Meridian Energy Systems Pvt Ltd,preeti.das10530@meridianenergysystems.in,14-10-1984,RESIGNATION_DELETION,SELF|SPOUSE,,2026-04-10,,,6723.71
EMP-10531,Harborline Shipping & Freight Pvt Ltd,ritu.chatterjee10531@harborlineshippingandfreight.in,08-03-1989,DEPENDENT_MODIFICATION,PARENT|PARENT_IN_LAW,2026-08-31,,,,1087.58
EMP-10532,Sundale Agro Exports Pvt Ltd,lakshmi.bhatia10532@sundaleagroexports.in,08-04-1977,LIFE_EVENT_ADDITION,CHILD,,,2026-03-18,2026-03-26,1923.48
EMP-10533,Vertex Semiconductors India Pvt Ltd,anjali.roy10533@vertexsemiconductors.in,24-04-1988,DEPENDENT_MODIFICATION,CHILD|CHILD,2026-06-01,,,,189.47
EMP-10534,Northgate Consulting Group Pvt Ltd,rekha.gupta10534@northgateconsultinggroup.in,02-01-1988,DEPENDENT_MODIFICATION,CHILD|CHILD,2026-08-15,,,,717.02
EMP-10535,Ferrous Steel Works Pvt Ltd,vikram.chatterjee10535@ferroussteelworks.in,10-11-1984,NEW_HIRE_ADDITION,SELF|SPOUSE|CHILD,2026-01-11,,,,5299.31
EMP-10536,Nimbus Cloudworks Pvt Ltd,aditya.verma10536@nimbuscloudworks.in,08-12-2002,LIFE_EVENT_ADDITION,SPOUSE,,,2026-11-18,2026-11-19,2552.51
EMP-10537,Coral Reef Hospitality Pvt Ltd,harish.joshi10537@coralreefhospitality.in,11-05-1969,NEW_HIRE_ADDITION,SELF|CHILD,2026-05-27,,,,1269.66
EMP-10538,Silverline Textiles Pvt Ltd,rekha.mehta10538@silverlinetextiles.in,10-04-2004,NEW_HIRE_ADDITION,SELF|CHILD,2026-11-17,,,,1299.06
EMP-10539,Vertex Semiconductors India Pvt Ltd,rohan.das10539@vertexsemiconductors.in,30-04-1983,RESIGNATION_DELETION,SELF,,2026-02-17,,,2547.98
EMP-10540,Orbit Fintech Solutions Pvt Ltd,rakesh.verma10540@orbitfintechsolutions.in,22-05-1980,RESIGNATION_DELETION,SELF|CHILD,,2026-11-11,,,6093.07
EMP-10541,Granite Infra Projects Ltd,sneha.bose10541@graniteinfraprojects.in,21-07-1998,RESIGNATION_DELETION,SELF|SPOUSE,,2026-10-27,,,5866.08
EMP-10542,Sundale Agro Exports Pvt Ltd,kritika.verma10542@sundaleagroexports.in,27-05-1989,RESIGNATION_DELETION,SELF|CHILD,,2026-04-04,,,5002.58
EMP-10543,Pinnacle Pharma Labs Ltd,bhavna.chatterjee10543@pinnaclepharmalabs.in,09-07-2002,DEPENDENT_MODIFICATION,PARENT,2026-09-11,,,,664.51
EMP-10544,Sundale Agro Exports Pvt Ltd,meera.das10544@sundaleagroexports.in,17-09-1976,RESIGNATION_DELETION,SELF,,2026-07-09,,,3249.50
EMP-10545,Coral Reef Hospitality Pvt Ltd,deepak.roy10545@coralreefhospitality.in,18-11-1997,LIFE_EVENT_ADDITION,SPOUSE,,,2026-04-02,2026-05-01,1863.41
EMP-10546,Meridian Energy Systems Pvt Ltd,nikhil.saxena10546@meridianenergysystems.in,03-06-1970,RESIGNATION_DELETION,SELF|CHILD,,2026-12-22,,,2612.03
EMP-10547,Vertex Semiconductors India Pvt Ltd,pooja.joshi10547@vertexsemiconductors.in,20-08-1988,RESIGNATION_DELETION,SELF|SPOUSE,,2026-03-17,,,1811.90
EMP-10548,Meridian Energy Systems Pvt Ltd,vidya.bose10548@meridianenergysystems.in,03-04-1970,LIFE_EVENT_ADDITION,CHILD,,,2026-06-28,2026-07-07,1808.95
EMP-10549,Ferrous Steel Works Pvt Ltd,karan.yadav10549@ferroussteelworks.in,30-07-1987,RESIGNATION_DELETION,SELF|SPOUSE,,2026-12-28,,,6527.99
EMP-10550,Ferrous Steel Works Pvt Ltd,manish.mishra10550@ferroussteelworks.in,16-11-1978,NEW_HIRE_ADDITION,SELF|SPOUSE,2026-12-30,,,,6237.15
EMP-10551,Nimbus Cloudworks Pvt Ltd,nisha.rao10551@nimbuscloudworks.in,04-12-1972,LIFE_EVENT_ADDITION,CHILD,,,2026-10-20,2027-03-27,2437.63
EMP-10552,Vertex Semiconductors India Pvt Ltd,nikhil.chauhan10552@vertexsemiconductors.in,19-02-1982,RESIGNATION_DELETION,SELF|SPOUSE|CHILD,,2026-07-08,,,2769.48
EMP-10553,Orbit Fintech Solutions Pvt Ltd,yash.kapoor10553@orbitfintechsolutions.in,25-07-1995,LIFE_EVENT_ADDITION,SPOUSE,,,2026-08-24,2026-09-09,1724.00
EMP-10554,Harborline Shipping & Freight Pvt Ltd,lakshmi.saxena10554@harborlineshippingandfreight.in,08-08-2003,NEW_HIRE_ADDITION,SELF|SPOUSE,2026-07-10,,,,6060.79
EMP-10555,Granite Infra Projects Ltd,neha.saxena10555@graniteinfraprojects.in,07-02-2001,LIFE_EVENT_ADDITION,CHILD,,,2026-06-13,2026-06-28,1512.75
EMP-10556,Meridian Energy Systems Pvt Ltd,nikhil.verma10556@meridianenergysystems.in,08-04-1996,DEPENDENT_MODIFICATION,SPOUSE,2026-06-18,,,,166.68
EMP-10557,Harborline Shipping & Freight Pvt Ltd,manish.sharma10557@harborlineshippingandfreight.in,02-11-1981,LIFE_EVENT_ADDITION,CHILD,,,2026-02-27,2026-03-19,3480.02
EMP-10558,Vertex Semiconductors India Pvt Ltd,yash.kapoor10558@vertexsemiconductors.in,28-08-1991,LIFE_EVENT_ADDITION,CHILD,,,2026-11-18,2026-11-21,2768.97
EMP-10559,Meridian Energy Systems Pvt Ltd,divya.roy10559@meridianenergysystems.in,24-09-2002,RESIGNATION_DELETION,SELF|CHILD,,2026-10-01,,,3574.60
EMP-10560,Crestview Retail Ventures Pvt Ltd,lakshmi.das10560@crestviewretailventures.in,27-02-1970,NEW_HIRE_ADDITION,SELF|CHILD,2026-08-08,,,,2037.48
EMP-10561,Ferrous Steel Works Pvt Ltd,mohit.sharma10561@ferroussteelworks.in,31-07-2002,NEW_HIRE_ADDITION,SELF|SPOUSE|CHILD,2026-02-10,,,,6304.49
EMP-10562,Orbit Fintech Solutions Pvt Ltd,preeti.malhotra10562@orbitfintechsolutions.in,17-01-1967,NEW_HIRE_ADDITION,SELF|SPOUSE,2026-05-08,,,,1713.26
EMP-10563,Nimbus Cloudworks Pvt Ltd,rekha.joshi10563@nimbuscloudworks.in,22-03-1988,DEPENDENT_MODIFICATION,PARENT,2026-08-19,,,,501.91
EMP-10564,Harborline Shipping & Freight Pvt Ltd,nikhil.pillai10564@harborlineshippingandfreight.in,11-02-1973,RESIGNATION_DELETION,SELF|SPOUSE|CHILD,,2026-08-20,,,1756.49
EMP-10565,Granite Infra Projects Ltd,bhavna.joshi10565@graniteinfraprojects.in,27-07-1975,NEW_HIRE_ADDITION,SELF,2026-11-01,,,,3451.91
EMP-10566,Granite Infra Projects Ltd,ananya.singh10566@graniteinfraprojects.in,02-03-1977,NEW_HIRE_ADDITION,SELF|SPOUSE|CHILD,2026-09-08,,,,3520.10
EMP-10567,Meridian Energy Systems Pvt Ltd,kritika.agarwal10567@meridianenergysystems.in,15-01-1977,LIFE_EVENT_ADDITION,CHILD,,,2026-11-23,2026-12-07,1945.83
EMP-10568,Crestview Retail Ventures Pvt Ltd,manish.malhotra10568@crestviewretailventures.in,10-10-1997,DEPENDENT_MODIFICATION,CHILD,2026-02-27,,,,619.16
EMP-10569,Northgate Consulting Group Pvt Ltd,rakesh.malhotra10569@northgateconsultinggroup.in,11-11-1998,LIFE_EVENT_ADDITION,SPOUSE,,,2026-08-04,2026-09-03,673.28
EMP-10570,Harborline Shipping & Freight Pvt Ltd,manish.nair10570@harborlineshippingandfreight.in,28-04-1979,NEW_HIRE_ADDITION,SELF|CHILD,2026-06-16,,,,3766.91
EMP-10571,Sundale Agro Exports Pvt Ltd,sneha.menon10571@sundaleagroexports.in,05-03-2005,NEW_HIRE_ADDITION,SELF|CHILD,2026-07-25,,,,3936.87
EMP-10572,Harborline Shipping & Freight Pvt Ltd,nisha.sharma10572@harborlineshippingandfreight.in,20-06-1966,LIFE_EVENT_ADDITION,SPOUSE,,,2026-09-04,2026-09-08,427.63
EMP-10573,Zenith Auto Components Ltd,ira.kapoor10573@zenithautocomponents.in,18-10-1984,RESIGNATION_DELETION,SELF,,2026-04-20,,,4672.44
EMP-10574,Harborline Shipping & Freight Pvt Ltd,tarun.kulkarni10574@harborlineshippingandfreight.in,01-11-1971,NEW_HIRE_ADDITION,SELF|CHILD,2026-04-11,,,,3849.85
EMP-10575,Ferrous Steel Works Pvt Ltd,kritika.joshi10575@ferroussteelworks.in,22-11-1984,LIFE_EVENT_ADDITION,SPOUSE,,,2026-04-21,2026-05-21,840.76
EMP-10576,Nimbus Cloudworks Pvt Ltd,ashish.desai10576@nimbuscloudworks.in,05-03-1991,LIFE_EVENT_ADDITION,CHILD,,,2026-03-11,2026-06-19,613.99
EMP-10577,Silverline Textiles Pvt Ltd,rahul.sharma10577@silverlinetextiles.in,20-01-1969,RESIGNATION_DELETION,SELF,,2026-06-07,,,2153.18
EMP-10578,Ferrous Steel Works Pvt Ltd,manish.menon10578@ferroussteelworks.in,27-01-1988,LIFE_EVENT_ADDITION,CHILD,,,2026-01-09,2026-01-11,2319.64
EMP-10579,Sundale Agro Exports Pvt Ltd,arjun.trivedi10579@sundaleagroexports.in,29-07-1981,DEPENDENT_MODIFICATION,CHILD|CHILD,2026-01-22,,,,495.87
EMP-10580,Sundale Agro Exports Pvt Ltd,ananya.pillai10580@sundaleagroexports.in,23-12-1988,NEW_HIRE_ADDITION,SELF|CHILD,2026-06-01,,,,1705.11
EMP-10581,Sundale Agro Exports Pvt Ltd,rohan.chatterjee10581@sundaleagroexports.in,24-11-1982,DEPENDENT_MODIFICATION,CHILD,2026-12-24,,,,1474.29
EMP-10582,Nimbus Cloudworks Pvt Ltd,meera.nair10582@nimbuscloudworks.in,11-12-1982,LIFE_EVENT_ADDITION,SPOUSE,,,2026-01-30,2026-02-14,1177.43
EMP-10583,Bluewave Logistics India Pvt Ltd,vikram.menon10583@bluewavelogistics.in,25-08-1984,RESIGNATION_DELETION,SELF|CHILD,,2026-12-14,,,3294.08
EMP-10584,Meridian Energy Systems Pvt Ltd,tarun.trivedi10584@meridianenergysystems.in,08-04-1990,NEW_HIRE_ADDITION,SELF,2026-09-12,,,,5203.66
EMP-10585,Zenith Auto Components Ltd,shreya.das10585@zenithautocomponents.in,06-12-1968,LIFE_EVENT_ADDITION,SPOUSE,,,2026-09-07,2026-12-05,2511.47
EMP-10586,Meridian Energy Systems Pvt Ltd,rohan.nair10586@meridianenergysystems.in,18-10-1980,LIFE_EVENT_ADDITION,CHILD,,,2026-07-13,2026-08-05,2244.93
EMP-10587,Ferrous Steel Works Pvt Ltd,gaurav.reddy10587@ferroussteelworks.in,29-01-1975,RESIGNATION_DELETION,SELF|CHILD,,2026-11-06,,,6868.03
EMP-10588,TechCorp India Pvt Ltd,aditya.desai10588@techcorp.in,16-12-2004,DEPENDENT_MODIFICATION,CHILD,2026-08-16,,,,1112.94
EMP-10589,Nimbus Cloudworks Pvt Ltd,amit.desai10589@nimbuscloudworks.in,27-09-1982,NEW_HIRE_ADDITION,SELF|SPOUSE|CHILD,2026-05-07,,,,2487.25
EMP-10590,Bluewave Logistics India Pvt Ltd,shreya.malhotra10590@bluewavelogistics.in,12-08-1995,NEW_HIRE_ADDITION,SELF,2026-03-29,,,,3167.21
EMP-10591,Crestview Retail Ventures Pvt Ltd,nikhil.iyer10591@crestviewretailventures.in,03-05-1965,RESIGNATION_DELETION,SELF|SPOUSE,,2026-06-28,,,7463.33
EMP-10592,Sundale Agro Exports Pvt Ltd,pooja.singh10592@sundaleagroexports.in,15-05-1965,RESIGNATION_DELETION,SELF|SPOUSE,,2026-04-17,,,5830.02
EMP-10593,Zenith Auto Components Ltd,aditya.iyer10593@zenithautocomponents.in,05-01-1993,LIFE_EVENT_ADDITION,SPOUSE,,,2026-01-19,2026-01-27,3480.31
EMP-10594,Nimbus Cloudworks Pvt Ltd,amit.shetty10594@nimbuscloudworks.in,31-03-1969,RESIGNATION_DELETION,SELF|SPOUSE|CHILD,,2026-10-28,,,4121.16
EMP-10595,Coral Reef Hospitality Pvt Ltd,karan.bansal10595@coralreefhospitality.in,15-03-1967,NEW_HIRE_ADDITION,SELF|SPOUSE|CHILD,2026-10-26,,,,2002.44
EMP-10596,Vertex Semiconductors India Pvt Ltd,rajesh.das10596@vertexsemiconductors.in,03-06-1999,RESIGNATION_DELETION,SELF|CHILD,,2026-04-28,,,2734.06
EMP-10597,Zenith Auto Components Ltd,kritika.mehta10597@zenithautocomponents.in,26-07-1982,NEW_HIRE_ADDITION,SELF|CHILD,2026-12-06,,,,6036.98
EMP-10598,Harborline Shipping & Freight Pvt Ltd,aditya.agarwal10598@harborlineshippingandfreight.in,09-11-1992,NEW_HIRE_ADDITION,SELF|SPOUSE|CHILD,2026-11-07,,,,1755.40
EMP-10599,Silverline Textiles Pvt Ltd,suresh.bose10599@silverlinetextiles.in,18-03-1985,NEW_HIRE_ADDITION,SELF|SPOUSE|CHILD,2026-03-21,,,,4747.77
EMP-10600,Bluewave Logistics India Pvt Ltd,vidya.verma10600@bluewavelogistics.in,07-09-1996,DEPENDENT_MODIFICATION,SPOUSE|SPOUSE,2026-06-20,,,,1294.50
EMP-10601,Ferrous Steel Works Pvt Ltd,amit.singh10601@ferroussteelworks.in,04-04-1986,NEW_HIRE_ADDITION,SELF,2026-04-03,,,,2433.68
EMP-10602,Orbit Fintech Solutions Pvt Ltd,juhi.iyer10602@orbitfintechsolutions.in,09-02-1966,DEPENDENT_MODIFICATION,PARENT_IN_LAW,2026-03-04,,,,504.33
EMP-10603,Orbit Fintech Solutions Pvt Ltd,amit.malhotra10603@orbitfintechsolutions.in,30-03-1984,RESIGNATION_DELETION,SELF|SPOUSE,,2026-11-04,,,2707.85
EMP-10604,TechCorp India Pvt Ltd,ananya.menon10604@techcorp.in,16-01-1989,DEPENDENT_MODIFICATION,CHILD,2026-05-09,,,,265.14
EMP-10605,Sundale Agro Exports Pvt Ltd,vidya.khanna10605@sundaleagroexports.in,11-04-1987,DEPENDENT_MODIFICATION,PARENT|PARENT_IN_LAW,2026-09-23,,,,1559.44
EMP-10606,Ferrous Steel Works Pvt Ltd,ashish.das10606@ferroussteelworks.in,12-07-2005,LIFE_EVENT_ADDITION,SPOUSE,,,2026-03-14,2026-04-10,2392.61
EMP-10607,Vertex Semiconductors India Pvt Ltd,payal.saxena10607@vertexsemiconductors.in,22-02-1982,LIFE_EVENT_ADDITION,CHILD,,,2026-12-11,2027-01-22,2636.76
EMP-10608,Zenith Auto Components Ltd,divya.chatterjee10608@zenithautocomponents.in,26-06-2003,RESIGNATION_DELETION,SELF,,2026-01-13,,,5650.98
EMP-10609,Silverline Textiles Pvt Ltd,harish.bansal10609@silverlinetextiles.in,09-07-1995,RESIGNATION_DELETION,SELF,,2026-02-22,,,3012.21
EMP-10610,Northgate Consulting Group Pvt Ltd,ritu.trivedi10610@northgateconsultinggroup.in,03-12-1966,RESIGNATION_DELETION,SELF|SPOUSE,,2026-07-04,,,1706.68
EMP-10611,Coral Reef Hospitality Pvt Ltd,harish.roy10611@coralreefhospitality.in,28-12-2003,LIFE_EVENT_ADDITION,CHILD,,,2026-03-20,2026-04-11,3320.74
EMP-10612,Coral Reef Hospitality Pvt Ltd,mohit.bansal10612@coralreefhospitality.in,24-07-1976,LIFE_EVENT_ADDITION,SPOUSE,,,2026-06-05,2026-08-03,1258.13
EMP-10613,TechCorp India Pvt Ltd,bhavna.chatterjee10613@techcorp.in,03-02-1980,NEW_HIRE_ADDITION,SELF|SPOUSE,2026-01-28,,,,2461.72
EMP-10614,Granite Infra Projects Ltd,ananya.das10614@graniteinfraprojects.in,04-09-1994,DEPENDENT_MODIFICATION,CHILD,2026-03-22,,,,873.03
EMP-10615,Vertex Semiconductors India Pvt Ltd,preeti.menon10615@vertexsemiconductors.in,27-08-1981,RESIGNATION_DELETION,SELF|CHILD,,2026-11-18,,,2406.79
EMP-10616,Bluewave Logistics India Pvt Ltd,siddharth.trivedi10616@bluewavelogistics.in,31-03-1970,NEW_HIRE_ADDITION,SELF|SPOUSE|CHILD,2026-03-21,,,,1626.63
EMP-10617,Northgate Consulting Group Pvt Ltd,vikram.bansal10617@northgateconsultinggroup.in,10-11-1980,DEPENDENT_MODIFICATION,SPOUSE|SPOUSE,2026-11-22,,,,1273.49
EMP-10618,Bluewave Logistics India Pvt Ltd,amit.chauhan10618@bluewavelogistics.in,29-09-1979,LIFE_EVENT_ADDITION,SPOUSE,,,2026-11-08,2026-12-07,2077.89
EMP-10619,Harborline Shipping & Freight Pvt Ltd,rekha.sharma10619@harborlineshippingandfreight.in,20-11-2002,RESIGNATION_DELETION,SELF|CHILD,,2026-10-08,,,1970.13
EMP-10620,Coral Reef Hospitality Pvt Ltd,aditya.saxena10620@coralreefhospitality.in,14-01-1996,RESIGNATION_DELETION,SELF,,2026-08-29,,,1528.43
EMP-10621,Zenith Auto Components Ltd,vikram.mishra10621@zenithautocomponents.in,16-02-1970,NEW_HIRE_ADDITION,SELF|SPOUSE,2026-03-05,,,,1539.88
EMP-10622,Nimbus Cloudworks Pvt Ltd,preeti.bhatia10622@nimbuscloudworks.in,29-09-1978,LIFE_EVENT_ADDITION,CHILD,,,2026-05-06,2026-05-26,1657.06
EMP-10623,Crestview Retail Ventures Pvt Ltd,lakshmi.yadav10623@crestviewretailventures.in,14-05-1996,RESIGNATION_DELETION,SELF|CHILD,,2026-12-17,,,5681.06
EMP-10624,Orbit Fintech Solutions Pvt Ltd,nisha.sharma10624@orbitfintechsolutions.in,17-07-1975,LIFE_EVENT_ADDITION,SPOUSE,,,2026-10-22,2026-10-30,1269.47
EMP-10625,Northgate Consulting Group Pvt Ltd,ira.agarwal10625@northgateconsultinggroup.in,18-01-1996,NEW_HIRE_ADDITION,SELF|SPOUSE|CHILD,2026-07-25,,,,6718.31
EMP-10626,Vertex Semiconductors India Pvt Ltd,karan.kulkarni10626@vertexsemiconductors.in,25-02-1972,NEW_HIRE_ADDITION,SELF|SPOUSE|CHILD,2026-04-22,,,,7368.83
EMP-10627,Zenith Auto Components Ltd,varun.bose10627@zenithautocomponents.in,18-07-1981,NEW_HIRE_ADDITION,SELF|CHILD,2026-02-25,,,,3759.07
EMP-10628,Northgate Consulting Group Pvt Ltd,sneha.verma10628@northgateconsultinggroup.in,05-04-2001,LIFE_EVENT_ADDITION,SPOUSE,,,2026-01-28,2026-02-11,2369.79
EMP-10629,Bluewave Logistics India Pvt Ltd,bhavna.kapoor10629@bluewavelogistics.in,19-03-2001,DEPENDENT_MODIFICATION,SPOUSE,2026-02-28,,,,1298.72
EMP-10630,Nimbus Cloudworks Pvt Ltd,tanvi.kulkarni10630@nimbuscloudworks.in,11-10-1996,NEW_HIRE_ADDITION,SELF|SPOUSE,2026-06-23,,,,4452.32
EMP-10631,Silverline Textiles Pvt Ltd,meera.verma10631@silverlinetextiles.in,06-12-1967,LIFE_EVENT_ADDITION,CHILD,,,2026-09-18,2027-01-27,816.45
EMP-10632,Harborline Shipping & Freight Pvt Ltd,juhi.chatterjee10632@harborlineshippingandfreight.in,28-03-2000,DEPENDENT_MODIFICATION,CHILD,2026-12-23,,,,1706.91
EMP-10633,Harborline Shipping & Freight Pvt Ltd,kavita.chauhan10633@harborlineshippingandfreight.in,26-12-1993,LIFE_EVENT_ADDITION,SPOUSE,,,2026-11-15,2026-12-12,3104.65
EMP-10634,Silverline Textiles Pvt Ltd,rajesh.das10634@silverlinetextiles.in,17-11-1980,RESIGNATION_DELETION,SELF|SPOUSE|CHILD,,2026-10-14,,,2722.29
EMP-10635,Nimbus Cloudworks Pvt Ltd,deepak.verma10635@nimbuscloudworks.in,12-04-1973,DEPENDENT_MODIFICATION,CHILD,2026-06-18,,,,1404.44
EMP-10636,Meridian Energy Systems Pvt Ltd,neha.verma10636@meridianenergysystems.in,08-02-1987,NEW_HIRE_ADDITION,SELF,2026-05-11,,,,6535.54
EMP-10637,Meridian Energy Systems Pvt Ltd,nisha.das10637@meridianenergysystems.in,15-08-1975,NEW_HIRE_ADDITION,SELF,2026-10-01,,,,6805.19
EMP-10638,Northgate Consulting Group Pvt Ltd,mohit.kulkarni10638@northgateconsultinggroup.in,15-07-1968,NEW_HIRE_ADDITION,SELF,2026-04-16,,,,5012.03
EMP-10639,Northgate Consulting Group Pvt Ltd,sneha.yadav10639@northgateconsultinggroup.in,14-06-1970,RESIGNATION_DELETION,SELF|CHILD,,2026-11-25,,,4593.55
EMP-10640,Bluewave Logistics India Pvt Ltd,simran.khanna10640@bluewavelogistics.in,22-10-1973,RESIGNATION_DELETION,SELF|SPOUSE|CHILD,,2026-03-03,,,2091.59
EMP-10641,Zenith Auto Components Ltd,vivek.roy10641@zenithautocomponents.in,01-08-1983,LIFE_EVENT_ADDITION,SPOUSE,,,2026-01-08,2026-01-10,3282.40
EMP-10642,Meridian Energy Systems Pvt Ltd,kavita.bose10642@meridianenergysystems.in,16-06-1990,DEPENDENT_MODIFICATION,CHILD|CHILD,2026-05-04,,,,7.59
EMP-10643,Sundale Agro Exports Pvt Ltd,suresh.chauhan10643@sundaleagroexports.in,13-04-1979,RESIGNATION_DELETION,SELF|SPOUSE|CHILD,,2026-05-19,,,7430.61
EMP-10644,Silverline Textiles Pvt Ltd,preeti.reddy10644@silverlinetextiles.in,08-09-1976,RESIGNATION_DELETION,SELF|CHILD,,2026-04-21,,,2402.33
EMP-10645,Granite Infra Projects Ltd,manish.pillai10645@graniteinfraprojects.in,02-07-1979,DEPENDENT_MODIFICATION,CHILD|CHILD,2026-11-25,,,,650.78
EMP-10646,Ferrous Steel Works Pvt Ltd,amit.kapoor10646@ferroussteelworks.in,31-05-1996,NEW_HIRE_ADDITION,SELF|SPOUSE|CHILD,2026-07-20,,,,3989.71
EMP-10647,Sundale Agro Exports Pvt Ltd,priya.gupta10647@sundaleagroexports.in,25-10-1968,LIFE_EVENT_ADDITION,SPOUSE,,,2026-04-03,2026-04-17,2407.06
EMP-10648,Coral Reef Hospitality Pvt Ltd,amit.sharma10648@coralreefhospitality.in,23-08-1988,RESIGNATION_DELETION,SELF|SPOUSE|CHILD,,2026-06-26,,,4038.47
EMP-10649,Nimbus Cloudworks Pvt Ltd,deepak.saxena10649@nimbuscloudworks.in,04-09-1991,RESIGNATION_DELETION,SELF,,2026-12-30,,,1647.02
EMP-10650,Northgate Consulting Group Pvt Ltd,harish.nair10650@northgateconsultinggroup.in,14-09-1980,NEW_HIRE_ADDITION,SELF|CHILD,2026-01-04,,,,3111.58
EMP-10651,Nimbus Cloudworks Pvt Ltd,tanvi.roy10651@nimbuscloudworks.in,30-05-1971,NEW_HIRE_ADDITION,SELF|SPOUSE,2026-09-03,,,,1614.92
EMP-10652,Pinnacle Pharma Labs Ltd,anjali.saxena10652@pinnaclepharmalabs.in,06-07-1968,LIFE_EVENT_ADDITION,SPOUSE,,,2026-06-18,2026-07-02,2629.71
EMP-10653,Sundale Agro Exports Pvt Ltd,amit.sharma10653@sundaleagroexports.in,21-04-2003,LIFE_EVENT_ADDITION,SPOUSE,,,2026-09-21,2026-10-09,3324.92
EMP-10654,Silverline Textiles Pvt Ltd,neha.joshi10654@silverlinetextiles.in,02-08-2002,DEPENDENT_MODIFICATION,SPOUSE,2026-03-28,,,,111.48
EMP-10655,Vertex Semiconductors India Pvt Ltd,lakshmi.bhatia10655@vertexsemiconductors.in,20-03-1996,LIFE_EVENT_ADDITION,CHILD,,,2026-07-02,2026-07-14,3198.69
EMP-10656,TechCorp India Pvt Ltd,manish.malhotra10656@techcorp.in,06-01-1965,NEW_HIRE_ADDITION,SELF|SPOUSE|CHILD,2026-12-26,,,,6860.21
EMP-10657,Bluewave Logistics India Pvt Ltd,ashish.yadav10657@bluewavelogistics.in,28-06-2002,LIFE_EVENT_ADDITION,SPOUSE,,,2026-03-09,2026-03-09,653.22
EMP-10658,Zenith Auto Components Ltd,tarun.rao10658@zenithautocomponents.in,27-03-2002,NEW_HIRE_ADDITION,SELF,2026-08-02,,,,2387.49
EMP-10659,Ferrous Steel Works Pvt Ltd,juhi.malhotra10659@ferroussteelworks.in,08-11-1972,NEW_HIRE_ADDITION,SELF|SPOUSE|CHILD,2026-05-16,,,,7012.76
EMP-10660,Ferrous Steel Works Pvt Ltd,karan.bhatia10660@ferroussteelworks.in,14-02-1986,DEPENDENT_MODIFICATION,SPOUSE,2026-05-18,,,,968.44
EMP-10661,Bluewave Logistics India Pvt Ltd,tanvi.bose10661@bluewavelogistics.in,29-10-1999,DEPENDENT_MODIFICATION,PARENT|PARENT_IN_LAW,2026-08-13,,,,1380.57
EMP-10662,Vertex Semiconductors India Pvt Ltd,vivek.kulkarni10662@vertexsemiconductors.in,29-01-1978,DEPENDENT_MODIFICATION,SPOUSE,2026-10-25,,,,769.30
EMP-10663,Zenith Auto Components Ltd,kavita.roy10663@zenithautocomponents.in,26-10-1988,DEPENDENT_MODIFICATION,CHILD,2026-02-17,,,,1580.77
EMP-10664,Meridian Energy Systems Pvt Ltd,neha.menon10664@meridianenergysystems.in,11-09-1978,NEW_HIRE_ADDITION,SELF|SPOUSE|CHILD,2026-11-24,,,,5929.42
EMP-10665,Granite Infra Projects Ltd,mohit.iyer10665@graniteinfraprojects.in,31-12-2005,RESIGNATION_DELETION,SELF|SPOUSE|CHILD,,2026-08-05,,,4931.90
EMP-10666,Granite Infra Projects Ltd,anjali.yadav10666@graniteinfraprojects.in,30-12-1981,RESIGNATION_DELETION,SELF,,2026-05-13,,,2268.86
EMP-10667,Granite Infra Projects Ltd,deepak.nair10667@graniteinfraprojects.in,05-02-1965,LIFE_EVENT_ADDITION,SPOUSE,,,2026-04-12,2026-04-27,2522.84
EMP-10668,Nimbus Cloudworks Pvt Ltd,ashish.mehta10668@nimbuscloudworks.in,30-10-1996,LIFE_EVENT_ADDITION,SPOUSE,,,2026-04-03,2026-04-05,1888.80
EMP-10669,Vertex Semiconductors India Pvt Ltd,tanvi.nair10669@vertexsemiconductors.in,27-02-1981,DEPENDENT_MODIFICATION,SPOUSE,2026-12-13,,,,1934.36
EMP-10670,Pinnacle Pharma Labs Ltd,rahul.gupta10670@pinnaclepharmalabs.in,23-02-1989,NEW_HIRE_ADDITION,SELF|SPOUSE|CHILD,2026-11-03,,,,5313.80
EMP-10671,Ferrous Steel Works Pvt Ltd,aakash.mehta10671@ferroussteelworks.in,07-03-1980,NEW_HIRE_ADDITION,SELF|SPOUSE|CHILD,2026-04-03,,,,5530.96
EMP-10672,Meridian Energy Systems Pvt Ltd,deepak.saxena10672@meridianenergysystems.in,08-09-1974,RESIGNATION_DELETION,SELF|SPOUSE|CHILD,,2026-12-22,,,2480.49
EMP-10673,Vertex Semiconductors India Pvt Ltd,sneha.bansal10673@vertexsemiconductors.in,02-12-1967,NEW_HIRE_ADDITION,SELF|SPOUSE|CHILD,2026-12-24,,,,1931.29
EMP-10674,Bluewave Logistics India Pvt Ltd,suresh.kulkarni10674@bluewavelogistics.in,22-07-2001,LIFE_EVENT_ADDITION,CHILD,,,2026-06-19,2026-07-15,2372.89
EMP-10675,Vertex Semiconductors India Pvt Ltd,manish.chauhan10675@vertexsemiconductors.in,21-04-1991,RESIGNATION_DELETION,SELF,,2026-12-27,,,2612.08
EMP-10676,Vertex Semiconductors India Pvt Ltd,divya.kulkarni10676@vertexsemiconductors.in,28-12-1984,NEW_HIRE_ADDITION,SELF|SPOUSE,2026-04-04,,,,4904.63
EMP-10677,Ferrous Steel Works Pvt Ltd,tarun.pillai10677@ferroussteelworks.in,22-08-1978,RESIGNATION_DELETION,SELF|SPOUSE,,2026-04-06,,,7387.34
EMP-10678,Crestview Retail Ventures Pvt Ltd,lakshmi.sharma10678@crestviewretailventures.in,31-07-1971,LIFE_EVENT_ADDITION,SPOUSE,,,2026-12-16,2026-12-17,2808.43
EMP-10679,Ferrous Steel Works Pvt Ltd,nikhil.khanna10679@ferroussteelworks.in,03-11-2001,RESIGNATION_DELETION,SELF|CHILD,,2026-12-16,,,5648.27
EMP-10680,Coral Reef Hospitality Pvt Ltd,meera.bansal10680@coralreefhospitality.in,01-01-1998,RESIGNATION_DELETION,SELF|SPOUSE|CHILD,,2026-01-15,,,1495.11
EMP-10681,Crestview Retail Ventures Pvt Ltd,simran.yadav10681@crestviewretailventures.in,25-02-1987,LIFE_EVENT_ADDITION,CHILD,,,2026-01-09,2026-05-24,1756.50
EMP-10682,Sundale Agro Exports Pvt Ltd,lakshmi.trivedi10682@sundaleagroexports.in,03-12-1968,RESIGNATION_DELETION,SELF|SPOUSE|CHILD,,2026-03-26,,,2043.09
EMP-10683,Crestview Retail Ventures Pvt Ltd,sneha.iyer10683@crestviewretailventures.in,15-05-1987,LIFE_EVENT_ADDITION,SPOUSE,,,2026-07-05,2026-07-22,1300.88
EMP-10684,Silverline Textiles Pvt Ltd,varun.roy10684@silverlinetextiles.in,24-03-1977,DEPENDENT_MODIFICATION,SPOUSE,2026-05-12,,,,1237.45
EMP-10685,Pinnacle Pharma Labs Ltd,vivek.gupta10685@pinnaclepharmalabs.in,03-05-1994,LIFE_EVENT_ADDITION,SPOUSE,,,2026-10-15,2026-10-20,355.29
EMP-10686,Northgate Consulting Group Pvt Ltd,ananya.shetty10686@northgateconsultinggroup.in,06-09-1971,DEPENDENT_MODIFICATION,CHILD|CHILD|CHILD,2026-01-25,,,,1985.54
EMP-10687,Sundale Agro Exports Pvt Ltd,vivek.khanna10687@sundaleagroexports.in,31-07-1999,NEW_HIRE_ADDITION,SELF|CHILD,2026-10-18,,,,6475.09
EMP-10688,Zenith Auto Components Ltd,priya.mishra10688@zenithautocomponents.in,16-11-1965,NEW_HIRE_ADDITION,SELF|SPOUSE|CHILD,2026-08-18,,,,3084.95
EMP-10689,Silverline Textiles Pvt Ltd,tanvi.bhatia10689@silverlinetextiles.in,04-12-1997,DEPENDENT_MODIFICATION,SPOUSE,2026-09-19,,,,992.25
EMP-10690,Sundale Agro Exports Pvt Ltd,nikhil.yadav10690@sundaleagroexports.in,16-10-2001,NEW_HIRE_ADDITION,SELF,2026-06-27,,,,2206.77
EMP-10691,Ferrous Steel Works Pvt Ltd,bhavna.mehta10691@ferroussteelworks.in,04-12-2002,NEW_HIRE_ADDITION,SELF|SPOUSE,2026-01-22,,,,2842.52
EMP-10692,Ferrous Steel Works Pvt Ltd,payal.bhatia10692@ferroussteelworks.in,28-09-1974,RESIGNATION_DELETION,SELF,,2026-02-16,,,6356.47
EMP-10693,Sundale Agro Exports Pvt Ltd,divya.rao10693@sundaleagroexports.in,28-05-2005,RESIGNATION_DELETION,SELF|SPOUSE,,2026-12-04,,,7125.65
EMP-10694,Harborline Shipping & Freight Pvt Ltd,ritu.mishra10694@harborlineshippingandfreight.in,07-05-1985,NEW_HIRE_ADDITION,SELF|CHILD,2026-07-14,,,,1553.24
EMP-10695,Vertex Semiconductors India Pvt Ltd,varun.bansal10695@vertexsemiconductors.in,10-11-1983,RESIGNATION_DELETION,SELF|SPOUSE|CHILD,,2026-12-10,,,945.44
EMP-10696,Silverline Textiles Pvt Ltd,aakash.menon10696@silverlinetextiles.in,14-09-1970,NEW_HIRE_ADDITION,SELF|CHILD,2026-06-12,,,,1066.35
EMP-10697,Northgate Consulting Group Pvt Ltd,yash.mehta10697@northgateconsultinggroup.in,03-10-1970,DEPENDENT_MODIFICATION,PARENT,2026-06-12,,,,698.38
EMP-10698,Coral Reef Hospitality Pvt Ltd,kavita.bansal10698@coralreefhospitality.in,18-07-1990,DEPENDENT_MODIFICATION,SPOUSE,2026-07-01,,,,341.62
EMP-10699,Sundale Agro Exports Pvt Ltd,juhi.bose10699@sundaleagroexports.in,22-12-1987,DEPENDENT_MODIFICATION,CHILD|CHILD|CHILD,2026-12-10,,,,155.22
EMP-10700,Crestview Retail Ventures Pvt Ltd,siddharth.rao10700@crestviewretailventures.in,09-11-1965,NEW_HIRE_ADDITION,SELF|SPOUSE,2026-04-29,,,,6639.40
EMP-10701,Silverline Textiles Pvt Ltd,aditya.bansal10701@silverlinetextiles.in,31-08-1967,NEW_HIRE_ADDITION,SELF|SPOUSE,2026-09-12,,,,1019.71
EMP-10702,Northgate Consulting Group Pvt Ltd,payal.sharma10702@northgateconsultinggroup.in,23-10-1968,DEPENDENT_MODIFICATION,SPOUSE,2026-06-20,,,,882.09
EMP-10703,Orbit Fintech Solutions Pvt Ltd,amit.bose10703@orbitfintechsolutions.in,02-02-1981,NEW_HIRE_ADDITION,SELF,2026-12-12,,,,6345.53
EMP-10704,Zenith Auto Components Ltd,ashish.roy10704@zenithautocomponents.in,01-06-1977,DEPENDENT_MODIFICATION,SPOUSE,2026-01-21,,,,1060.16
EMP-10705,Silverline Textiles Pvt Ltd,neha.verma10705@silverlinetextiles.in,22-10-1984,RESIGNATION_DELETION,SELF|CHILD,,2026-08-06,,,3238.33
EMP-10706,Coral Reef Hospitality Pvt Ltd,varun.malhotra10706@coralreefhospitality.in,09-02-1965,RESIGNATION_DELETION,SELF,,2026-06-08,,,7263.06
EMP-10707,Harborline Shipping & Freight Pvt Ltd,priya.agarwal10707@harborlineshippingandfreight.in,09-03-1992,NEW_HIRE_ADDITION,SELF|CHILD,2026-08-14,,,,2313.15
EMP-10708,Crestview Retail Ventures Pvt Ltd,vikram.das10708@crestviewretailventures.in,14-03-1977,DEPENDENT_MODIFICATION,SPOUSE|SPOUSE,2026-08-26,,,,1883.87
EMP-10709,Orbit Fintech Solutions Pvt Ltd,vidya.roy10709@orbitfintechsolutions.in,17-12-1999,NEW_HIRE_ADDITION,SELF|SPOUSE|CHILD,2026-05-07,,,,4296.72
EMP-10710,Silverline Textiles Pvt Ltd,aditya.desai10710@silverlinetextiles.in,26-07-2003,NEW_HIRE_ADDITION,SELF|SPOUSE,2026-09-25,,,,1758.51
EMP-10711,Granite Infra Projects Ltd,sneha.mehta10711@graniteinfraprojects.in,03-04-1978,RESIGNATION_DELETION,SELF|SPOUSE,,2026-03-07,,,4515.21
EMP-10712,TechCorp India Pvt Ltd,ananya.malhotra10712@techcorp.in,21-10-1984,NEW_HIRE_ADDITION,SELF|SPOUSE,2026-01-23,,,,4685.02
EMP-10713,Northgate Consulting Group Pvt Ltd,aakash.iyer10713@northgateconsultinggroup.in,11-09-2005,NEW_HIRE_ADDITION,SELF,2026-05-14,,,,3656.35
EMP-10714,Silverline Textiles Pvt Ltd,vidya.rao10714@silverlinetextiles.in,25-02-1996,DEPENDENT_MODIFICATION,CHILD,2026-07-30,,,,241.10
EMP-10715,Ferrous Steel Works Pvt Ltd,gaurav.malhotra10715@ferroussteelworks.in,11-02-1966,DEPENDENT_MODIFICATION,PARENT_IN_LAW,2026-05-14,,,,702.78
EMP-10716,Nimbus Cloudworks Pvt Ltd,vivek.kulkarni10716@nimbuscloudworks.in,25-03-1984,LIFE_EVENT_ADDITION,CHILD,,,2026-09-06,2026-09-28,3211.51
EMP-10717,Orbit Fintech Solutions Pvt Ltd,nisha.iyer10717@orbitfintechsolutions.in,13-03-1967,RESIGNATION_DELETION,SELF|SPOUSE,,2026-10-20,,,1544.03
EMP-10718,Coral Reef Hospitality Pvt Ltd,arjun.roy10718@coralreefhospitality.in,10-02-1979,RESIGNATION_DELETION,SELF|SPOUSE|CHILD,,2026-07-23,,,930.29
EMP-10719,Meridian Energy Systems Pvt Ltd,siddharth.khanna10719@meridianenergysystems.in,08-04-1977,NEW_HIRE_ADDITION,SELF|SPOUSE,2026-01-25,,,,7107.35
EMP-10720,Pinnacle Pharma Labs Ltd,neha.malhotra10720@pinnaclepharmalabs.in,30-05-1975,RESIGNATION_DELETION,SELF|SPOUSE|CHILD,,2026-05-28,,,1618.40
EMP-10721,TechCorp India Pvt Ltd,swati.iyer10721@techcorp.in,14-02-1997,DEPENDENT_MODIFICATION,CHILD,2026-11-13,,,,1739.22
EMP-10722,Harborline Shipping & Freight Pvt Ltd,sneha.singh10722@harborlineshippingandfreight.in,10-08-1995,NEW_HIRE_ADDITION,SELF|SPOUSE,2026-07-09,,,,1358.70
EMP-10723,Northgate Consulting Group Pvt Ltd,ashish.joshi10723@northgateconsultinggroup.in,26-09-1997,LIFE_EVENT_ADDITION,CHILD,,,2026-08-12,2026-08-13,3304.43
EMP-10724,Ferrous Steel Works Pvt Ltd,swati.nair10724@ferroussteelworks.in,24-02-1973,NEW_HIRE_ADDITION,SELF|CHILD,2026-05-28,,,,1502.09
EMP-10725,Granite Infra Projects Ltd,sanjay.bhatia10725@graniteinfraprojects.in,04-05-1999,DEPENDENT_MODIFICATION,SPOUSE|SPOUSE,2026-06-19,,,,820.41
EMP-10726,Granite Infra Projects Ltd,aditya.das10726@graniteinfraprojects.in,22-08-1985,NEW_HIRE_ADDITION,SELF|CHILD,2026-08-24,,,,3508.12
EMP-10727,Pinnacle Pharma Labs Ltd,ritu.singh10727@pinnaclepharmalabs.in,23-01-1973,LIFE_EVENT_ADDITION,CHILD,,,2026-09-04,2026-09-26,2998.25
EMP-10728,Orbit Fintech Solutions Pvt Ltd,vikram.chatterjee10728@orbitfintechsolutions.in,03-08-1990,LIFE_EVENT_ADDITION,SPOUSE,,,2026-10-16,2026-10-28,1026.15
EMP-10729,Coral Reef Hospitality Pvt Ltd,kritika.bansal10729@coralreefhospitality.in,12-09-1999,RESIGNATION_DELETION,SELF,,2026-09-05,,,1044.20
EMP-10730,Pinnacle Pharma Labs Ltd,aakash.joshi10730@pinnaclepharmalabs.in,04-08-2005,LIFE_EVENT_ADDITION,CHILD,,,2026-09-26,2026-09-26,1952.12
EMP-10731,Harborline Shipping & Freight Pvt Ltd,naveen.chauhan10731@harborlineshippingandfreight.in,15-07-1993,DEPENDENT_MODIFICATION,CHILD,2026-01-26,,,,1267.02
EMP-10732,Orbit Fintech Solutions Pvt Ltd,payal.trivedi10732@orbitfintechsolutions.in,27-02-1999,DEPENDENT_MODIFICATION,CHILD|CHILD,2026-06-04,,,,1988.82
EMP-10733,Meridian Energy Systems Pvt Ltd,lakshmi.bansal10733@meridianenergysystems.in,04-01-1981,DEPENDENT_MODIFICATION,CHILD|CHILD,2026-01-25,,,,708.41
EMP-10734,TechCorp India Pvt Ltd,juhi.kulkarni10734@techcorp.in,27-12-1973,LIFE_EVENT_ADDITION,SPOUSE,,,2026-03-16,2026-08-28,1176.98
EMP-10735,Pinnacle Pharma Labs Ltd,bhavna.reddy10735@pinnaclepharmalabs.in,02-12-2004,NEW_HIRE_ADDITION,SELF,2026-06-18,,,,1796.82
EMP-10736,Granite Infra Projects Ltd,kritika.agarwal10736@graniteinfraprojects.in,19-09-1995,NEW_HIRE_ADDITION,SELF,2026-06-22,,,,5430.04
EMP-10737,Meridian Energy Systems Pvt Ltd,siddharth.malhotra10737@meridianenergysystems.in,04-09-1981,NEW_HIRE_ADDITION,SELF|SPOUSE,2026-03-28,,,,940.00
EMP-10738,Meridian Energy Systems Pvt Ltd,vivek.shetty10738@meridianenergysystems.in,05-07-1974,LIFE_EVENT_ADDITION,SPOUSE,,,2026-03-10,2026-03-16,398.05
EMP-10739,Bluewave Logistics India Pvt Ltd,vivek.saxena10739@bluewavelogistics.in,17-07-1971,RESIGNATION_DELETION,SELF|SPOUSE,,2026-01-08,,,7331.69
EMP-10740,Silverline Textiles Pvt Ltd,sanjay.shetty10740@silverlinetextiles.in,05-01-1985,RESIGNATION_DELETION,SELF,,2026-06-24,,,3317.13
EMP-10741,Coral Reef Hospitality Pvt Ltd,swati.kapoor10741@coralreefhospitality.in,28-09-1994,RESIGNATION_DELETION,SELF|CHILD,,2026-04-21,,,6489.60
EMP-10742,TechCorp India Pvt Ltd,preeti.rao10742@techcorp.in,16-04-1972,NEW_HIRE_ADDITION,SELF|CHILD,2026-12-02,,,,2541.70
EMP-10743,Nimbus Cloudworks Pvt Ltd,payal.yadav10743@nimbuscloudworks.in,21-02-1969,LIFE_EVENT_ADDITION,SPOUSE,,,2026-10-20,2026-11-15,2152.94
EMP-10744,Harborline Shipping & Freight Pvt Ltd,deepak.mehta10744@harborlineshippingandfreight.in,12-06-1992,NEW_HIRE_ADDITION,SELF|CHILD,2026-06-13,,,,3581.18
EMP-10745,TechCorp India Pvt Ltd,naveen.reddy10745@techcorp.in,16-01-1983,DEPENDENT_MODIFICATION,PARENT|PARENT_IN_LAW,2026-06-26,,,,1991.50
EMP-10746,Meridian Energy Systems Pvt Ltd,rohan.sharma10746@meridianenergysystems.in,09-09-2000,NEW_HIRE_ADDITION,SELF|SPOUSE,2026-07-18,,,,6114.00
EMP-10747,TechCorp India Pvt Ltd,mohit.pillai10747@techcorp.in,02-06-1994,RESIGNATION_DELETION,SELF|SPOUSE,,2026-09-12,,,2216.62
EMP-10748,Sundale Agro Exports Pvt Ltd,gaurav.bhatia10748@sundaleagroexports.in,15-01-1989,LIFE_EVENT_ADDITION,SPOUSE,,,2026-04-18,2026-04-22,1485.66
EMP-10749,Harborline Shipping & Freight Pvt Ltd,arjun.yadav10749@harborlineshippingandfreight.in,27-07-1984,LIFE_EVENT_ADDITION,SPOUSE,,,2026-03-16,2026-06-11,659.57
EMP-10750,Meridian Energy Systems Pvt Ltd,nikhil.desai10750@meridianenergysystems.in,26-11-1980,NEW_HIRE_ADDITION,SELF,2026-11-28,,,,6794.48
EMP-10751,Silverline Textiles Pvt Ltd,siddharth.chatterjee10751@silverlinetextiles.in,29-12-1979,RESIGNATION_DELETION,SELF|SPOUSE|CHILD,,2026-11-05,,,1955.56
EMP-10752,Zenith Auto Components Ltd,rekha.das10752@zenithautocomponents.in,23-04-1968,LIFE_EVENT_ADDITION,SPOUSE,,,2026-12-29,2027-01-06,799.13
EMP-10753,Meridian Energy Systems Pvt Ltd,manish.trivedi10753@meridianenergysystems.in,18-01-1975,LIFE_EVENT_ADDITION,SPOUSE,,,2026-01-19,2026-02-04,2551.08
EMP-10754,Northgate Consulting Group Pvt Ltd,naveen.roy10754@northgateconsultinggroup.in,31-10-1972,NEW_HIRE_ADDITION,SELF|SPOUSE|CHILD,2026-05-07,,,,2524.41
EMP-10755,Ferrous Steel Works Pvt Ltd,aakash.chatterjee10755@ferroussteelworks.in,04-03-1990,LIFE_EVENT_ADDITION,SPOUSE,,,2026-12-14,2027-03-10,3078.03
EMP-10756,Vertex Semiconductors India Pvt Ltd,siddharth.iyer10756@vertexsemiconductors.in,30-05-1972,RESIGNATION_DELETION,SELF,,2026-11-25,,,2351.91
EMP-10757,Nimbus Cloudworks Pvt Ltd,vidya.nair10757@nimbuscloudworks.in,21-12-1994,RESIGNATION_DELETION,SELF|CHILD,,2026-12-24,,,2609.47
EMP-10758,Crestview Retail Ventures Pvt Ltd,charu.chatterjee10758@crestviewretailventures.in,13-11-1973,DEPENDENT_MODIFICATION,SPOUSE,2026-04-23,,,,1994.96
EMP-10759,Northgate Consulting Group Pvt Ltd,priya.bhatia10759@northgateconsultinggroup.in,17-11-1975,DEPENDENT_MODIFICATION,SPOUSE,2026-03-04,,,,1.71
EMP-10760,Harborline Shipping & Freight Pvt Ltd,ira.verma10760@harborlineshippingandfreight.in,24-04-1982,LIFE_EVENT_ADDITION,CHILD,,,2026-10-18,2026-10-18,1494.18
EMP-10761,Meridian Energy Systems Pvt Ltd,preeti.chatterjee10761@meridianenergysystems.in,21-07-1989,LIFE_EVENT_ADDITION,SPOUSE,,,2026-07-13,2026-07-23,1006.39
EMP-10762,Vertex Semiconductors India Pvt Ltd,lakshmi.singh10762@vertexsemiconductors.in,30-04-2004,NEW_HIRE_ADDITION,SELF,2026-10-04,,,,5106.28
EMP-10763,Granite Infra Projects Ltd,mohit.singh10763@graniteinfraprojects.in,15-10-1971,RESIGNATION_DELETION,SELF|SPOUSE|CHILD,,2026-11-06,,,4651.01
EMP-10764,Zenith Auto Components Ltd,varun.das10764@zenithautocomponents.in,09-10-1986,DEPENDENT_MODIFICATION,SPOUSE,2026-02-26,,,,1892.57
EMP-10765,Orbit Fintech Solutions Pvt Ltd,shreya.shetty10765@orbitfintechsolutions.in,10-05-1985,RESIGNATION_DELETION,SELF|CHILD,,2026-05-01,,,4228.06
EMP-10766,Granite Infra Projects Ltd,rohan.sharma10766@graniteinfraprojects.in,30-07-1981,DEPENDENT_MODIFICATION,SPOUSE|SPOUSE,2026-07-05,,,,801.68
EMP-10767,TechCorp India Pvt Ltd,preeti.verma10767@techcorp.in,23-03-1986,RESIGNATION_DELETION,SELF|SPOUSE,,2026-03-27,,,1327.77
EMP-10768,Ferrous Steel Works Pvt Ltd,yash.bansal10768@ferroussteelworks.in,29-02-1996,DEPENDENT_MODIFICATION,SPOUSE|SPOUSE,2026-04-29,,,,1221.61
EMP-10769,Orbit Fintech Solutions Pvt Ltd,karan.kapoor10769@orbitfintechsolutions.in,31-12-2000,LIFE_EVENT_ADDITION,CHILD,,,2026-10-14,2026-10-27,525.07
EMP-10770,Sundale Agro Exports Pvt Ltd,sanjay.das10770@sundaleagroexports.in,16-10-1972,RESIGNATION_DELETION,SELF|CHILD,,2026-11-09,,,3746.25
EMP-10771,Silverline Textiles Pvt Ltd,neha.mishra10771@silverlinetextiles.in,05-12-2002,NEW_HIRE_ADDITION,SELF|SPOUSE,2026-04-25,,,,1807.49
EMP-10772,Orbit Fintech Solutions Pvt Ltd,shreya.sharma10772@orbitfintechsolutions.in,14-05-1975,NEW_HIRE_ADDITION,SELF,2026-09-05,,,,6347.98
EMP-10773,Pinnacle Pharma Labs Ltd,anjali.roy10773@pinnaclepharmalabs.in,18-01-1991,NEW_HIRE_ADDITION,SELF|SPOUSE,2026-04-22,,,,7368.20
EMP-10774,TechCorp India Pvt Ltd,payal.bansal10774@techcorp.in,11-06-1983,DEPENDENT_MODIFICATION,CHILD|CHILD,2026-07-31,,,,17.96
EMP-10775,Northgate Consulting Group Pvt Ltd,swati.kulkarni10775@northgateconsultinggroup.in,27-02-1987,RESIGNATION_DELETION,SELF|SPOUSE,,2026-12-09,,,6025.88
EMP-10776,Sundale Agro Exports Pvt Ltd,ananya.bose10776@sundaleagroexports.in,22-05-1999,RESIGNATION_DELETION,SELF,,2026-11-03,,,6660.93
EMP-10777,Zenith Auto Components Ltd,ira.khanna10777@zenithautocomponents.in,08-09-2004,RESIGNATION_DELETION,SELF,,2026-10-24,,,4826.56
EMP-10778,Harborline Shipping & Freight Pvt Ltd,swati.verma10778@harborlineshippingandfreight.in,22-06-1988,LIFE_EVENT_ADDITION,CHILD,,,2026-02-17,2026-02-25,301.51
EMP-10779,Ferrous Steel Works Pvt Ltd,nikhil.rao10779@ferroussteelworks.in,18-08-1985,LIFE_EVENT_ADDITION,SPOUSE,,,2026-10-19,2027-02-14,1307.38
EMP-10780,Bluewave Logistics India Pvt Ltd,priya.menon10780@bluewavelogistics.in,11-01-1966,DEPENDENT_MODIFICATION,SPOUSE,2026-10-08,,,,1807.28
EMP-10781,Granite Infra Projects Ltd,naveen.gupta10781@graniteinfraprojects.in,11-10-1972,RESIGNATION_DELETION,SELF|SPOUSE|CHILD,,2026-10-08,,,4980.19
EMP-10782,Pinnacle Pharma Labs Ltd,ritu.reddy10782@pinnaclepharmalabs.in,31-08-1980,LIFE_EVENT_ADDITION,SPOUSE,,,2026-08-31,2026-09-27,1798.84
EMP-10783,Silverline Textiles Pvt Ltd,meera.saxena10783@silverlinetextiles.in,21-08-1998,LIFE_EVENT_ADDITION,SPOUSE,,,2026-11-14,2027-03-02,700.55
EMP-10784,Silverline Textiles Pvt Ltd,anjali.khanna10784@silverlinetextiles.in,06-11-1969,LIFE_EVENT_ADDITION,SPOUSE,,,2026-10-18,2026-12-10,1221.26
EMP-10785,Coral Reef Hospitality Pvt Ltd,tarun.mehta10785@coralreefhospitality.in,18-08-1983,NEW_HIRE_ADDITION,SELF,2026-12-12,,,,5569.32
EMP-10786,Pinnacle Pharma Labs Ltd,pooja.gupta10786@pinnaclepharmalabs.in,05-11-2004,NEW_HIRE_ADDITION,SELF|SPOUSE|CHILD,2026-03-22,,,,6381.43
EMP-10787,Sundale Agro Exports Pvt Ltd,arjun.khanna10787@sundaleagroexports.in,03-12-1985,LIFE_EVENT_ADDITION,CHILD,,,2026-04-12,2026-08-15,2516.22
EMP-10788,Nimbus Cloudworks Pvt Ltd,lakshmi.yadav10788@nimbuscloudworks.in,29-05-1973,RESIGNATION_DELETION,SELF|SPOUSE|CHILD,,2026-11-06,,,1512.84
EMP-10789,Silverline Textiles Pvt Ltd,neha.mehta10789@silverlinetextiles.in,12-09-1999,NEW_HIRE_ADDITION,SELF|CHILD,2026-09-07,,,,5684.85
EMP-10790,Meridian Energy Systems Pvt Ltd,aakash.shetty10790@meridianenergysystems.in,18-01-1999,NEW_HIRE_ADDITION,SELF,2026-06-28,,,,2879.83
EMP-10791,Bluewave Logistics India Pvt Ltd,kavita.saxena10791@bluewavelogistics.in,31-05-1975,NEW_HIRE_ADDITION,SELF|CHILD,2026-05-14,,,,2378.10
EMP-10792,Northgate Consulting Group Pvt Ltd,karan.das10792@northgateconsultinggroup.in,29-11-1984,RESIGNATION_DELETION,SELF|SPOUSE,,2026-12-03,,,6109.31
EMP-10793,Sundale Agro Exports Pvt Ltd,arjun.saxena10793@sundaleagroexports.in,14-12-1967,NEW_HIRE_ADDITION,SELF,2026-10-18,,,,6083.62
EMP-10794,TechCorp India Pvt Ltd,pooja.chauhan10794@techcorp.in,04-10-1983,LIFE_EVENT_ADDITION,CHILD,,,2026-09-12,2026-09-14,2173.06
EMP-10795,Northgate Consulting Group Pvt Ltd,manish.gupta10795@northgateconsultinggroup.in,29-07-1989,DEPENDENT_MODIFICATION,PARENT|PARENT_IN_LAW,2026-09-30,,,,534.35
EMP-10796,Vertex Semiconductors India Pvt Ltd,gaurav.sharma10796@vertexsemiconductors.in,26-10-2001,LIFE_EVENT_ADDITION,SPOUSE,,,2026-10-11,2026-12-21,2157.47
EMP-10797,Coral Reef Hospitality Pvt Ltd,juhi.singh10797@coralreefhospitality.in,27-05-1990,RESIGNATION_DELETION,SELF,,2026-03-06,,,1571.34
EMP-10798,Orbit Fintech Solutions Pvt Ltd,ashish.trivedi10798@orbitfintechsolutions.in,21-07-1973,NEW_HIRE_ADDITION,SELF|SPOUSE|CHILD,2026-04-09,,,,1862.99
EMP-10799,Northgate Consulting Group Pvt Ltd,yash.verma10799@northgateconsultinggroup.in,10-04-1972,NEW_HIRE_ADDITION,SELF|SPOUSE,2026-07-09,,,,3562.08
EMP-10800,Granite Infra Projects Ltd,simran.reddy10800@graniteinfraprojects.in,23-11-2004,RESIGNATION_DELETION,SELF|CHILD,,2026-02-18,,,6206.08
EMP-10801,Northgate Consulting Group Pvt Ltd,vidya.sharma10801@northgateconsultinggroup.in,09-02-1981,DEPENDENT_MODIFICATION,SPOUSE,2026-04-20,,,,236.22
EMP-10802,Harborline Shipping & Freight Pvt Ltd,naveen.gupta10802@harborlineshippingandfreight.in,19-10-1996,DEPENDENT_MODIFICATION,SPOUSE,2026-12-27,,,,193.66
EMP-10803,Granite Infra Projects Ltd,simran.trivedi10803@graniteinfraprojects.in,20-11-1968,DEPENDENT_MODIFICATION,PARENT,2026-03-26,,,,1429.65
EMP-10804,Bluewave Logistics India Pvt Ltd,shreya.bhatia10804@bluewavelogistics.in,04-03-1980,RESIGNATION_DELETION,SELF,,2026-11-22,,,2755.17
EMP-10805,Granite Infra Projects Ltd,gaurav.kapoor10805@graniteinfraprojects.in,19-01-1980,LIFE_EVENT_ADDITION,SPOUSE,,,2026-10-27,2026-11-24,499.53
EMP-10806,Bluewave Logistics India Pvt Ltd,vidya.chatterjee10806@bluewavelogistics.in,28-05-1996,NEW_HIRE_ADDITION,SELF,2026-11-04,,,,7107.59
EMP-10807,Ferrous Steel Works Pvt Ltd,nikhil.khanna10807@ferroussteelworks.in,02-05-1984,NEW_HIRE_ADDITION,SELF|CHILD,2026-08-11,,,,7176.36
EMP-10808,Zenith Auto Components Ltd,charu.roy10808@zenithautocomponents.in,24-12-1970,LIFE_EVENT_ADDITION,SPOUSE,,,2026-12-22,2027-01-01,2983.12
EMP-10809,Coral Reef Hospitality Pvt Ltd,rajesh.khanna10809@coralreefhospitality.in,04-10-1980,LIFE_EVENT_ADDITION,CHILD,,,2026-12-14,2026-12-29,1678.12
EMP-10810,Crestview Retail Ventures Pvt Ltd,preeti.khanna10810@crestviewretailventures.in,27-04-1982,RESIGNATION_DELETION,SELF,,2026-04-06,,,7044.28
EMP-10811,Coral Reef Hospitality Pvt Ltd,meera.singh10811@coralreefhospitality.in,16-08-1993,DEPENDENT_MODIFICATION,SPOUSE,2026-07-13,,,,1457.99
EMP-10812,Ferrous Steel Works Pvt Ltd,shreya.chatterjee10812@ferroussteelworks.in,23-08-2004,LIFE_EVENT_ADDITION,CHILD,,,2026-03-07,2026-08-03,1943.10
EMP-10813,Crestview Retail Ventures Pvt Ltd,ashish.kulkarni10813@crestviewretailventures.in,03-03-1990,DEPENDENT_MODIFICATION,PARENT|PARENT_IN_LAW,2026-02-28,,,,203.17
EMP-10814,TechCorp India Pvt Ltd,gaurav.menon10814@techcorp.in,31-05-1970,LIFE_EVENT_ADDITION,CHILD,,,2026-07-26,2026-07-28,1048.48
EMP-10815,Orbit Fintech Solutions Pvt Ltd,siddharth.pillai10815@orbitfintechsolutions.in,24-09-2001,RESIGNATION_DELETION,SELF|SPOUSE|CHILD,,2026-09-16,,,3386.70
EMP-10816,Nimbus Cloudworks Pvt Ltd,rahul.menon10816@nimbuscloudworks.in,30-06-2004,RESIGNATION_DELETION,SELF,,2026-04-19,,,5369.61
EMP-10817,Granite Infra Projects Ltd,harish.verma10817@graniteinfraprojects.in,06-07-1967,LIFE_EVENT_ADDITION,SPOUSE,,,2026-05-31,2026-06-30,2577.61
EMP-10818,Zenith Auto Components Ltd,sneha.bhatia10818@zenithautocomponents.in,02-05-1995,DEPENDENT_MODIFICATION,CHILD,2026-09-10,,,,903.03
EMP-10819,Bluewave Logistics India Pvt Ltd,rajesh.kapoor10819@bluewavelogistics.in,14-08-1995,DEPENDENT_MODIFICATION,CHILD,2026-12-04,,,,1318.28
EMP-10820,Crestview Retail Ventures Pvt Ltd,vikram.khanna10820@crestviewretailventures.in,01-07-1995,NEW_HIRE_ADDITION,SELF|CHILD,2026-05-05,,,,1739.45
EMP-10821,Bluewave Logistics India Pvt Ltd,nikhil.reddy10821@bluewavelogistics.in,15-11-1978,NEW_HIRE_ADDITION,SELF|SPOUSE,2026-11-17,,,,4706.37
EMP-10822,Orbit Fintech Solutions Pvt Ltd,tarun.singh10822@orbitfintechsolutions.in,25-10-1974,DEPENDENT_MODIFICATION,CHILD,2026-11-06,,,,1167.95
EMP-10823,Meridian Energy Systems Pvt Ltd,vivek.saxena10823@meridianenergysystems.in,05-11-1994,RESIGNATION_DELETION,SELF,,2026-10-08,,,3169.97
EMP-10824,Vertex Semiconductors India Pvt Ltd,rakesh.reddy10824@vertexsemiconductors.in,22-04-1994,NEW_HIRE_ADDITION,SELF,2026-07-14,,,,6973.99
EMP-10825,Granite Infra Projects Ltd,ananya.iyer10825@graniteinfraprojects.in,25-07-1972,DEPENDENT_MODIFICATION,SPOUSE,2026-10-09,,,,668.96
EMP-10826,Nimbus Cloudworks Pvt Ltd,ananya.chatterjee10826@nimbuscloudworks.in,12-02-1990,NEW_HIRE_ADDITION,SELF|SPOUSE|CHILD,2026-10-26,,,,3189.89
EMP-10827,Harborline Shipping & Freight Pvt Ltd,ashish.verma10827@harborlineshippingandfreight.in,17-05-1987,LIFE_EVENT_ADDITION,SPOUSE,,,2026-09-09,2026-10-06,1618.14
EMP-10828,Zenith Auto Components Ltd,amit.das10828@zenithautocomponents.in,25-07-1999,RESIGNATION_DELETION,SELF|SPOUSE,,2026-10-01,,,4824.88
EMP-10829,Meridian Energy Systems Pvt Ltd,priya.kapoor10829@meridianenergysystems.in,22-06-1973,LIFE_EVENT_ADDITION,SPOUSE,,,2026-11-05,2026-11-06,2277.14
EMP-10830,Orbit Fintech Solutions Pvt Ltd,rajesh.bansal10830@orbitfintechsolutions.in,10-07-1995,LIFE_EVENT_ADDITION,SPOUSE,,,2026-05-20,2026-05-22,2011.88
EMP-10831,Vertex Semiconductors India Pvt Ltd,harish.chatterjee10831@vertexsemiconductors.in,07-04-1984,NEW_HIRE_ADDITION,SELF,2026-06-11,,,,5212.77
EMP-10832,Nimbus Cloudworks Pvt Ltd,deepak.chatterjee10832@nimbuscloudworks.in,15-03-1987,RESIGNATION_DELETION,SELF|CHILD,,2026-11-22,,,4110.95
EMP-10833,Coral Reef Hospitality Pvt Ltd,arjun.chatterjee10833@coralreefhospitality.in,08-02-2004,RESIGNATION_DELETION,SELF|SPOUSE|CHILD,,2026-10-23,,,3153.23
EMP-10834,Coral Reef Hospitality Pvt Ltd,deepak.sharma10834@coralreefhospitality.in,19-11-1984,RESIGNATION_DELETION,SELF|SPOUSE,,2026-11-24,,,855.68
EMP-10835,Coral Reef Hospitality Pvt Ltd,swati.yadav10835@coralreefhospitality.in,06-08-1971,LIFE_EVENT_ADDITION,CHILD,,,2026-05-05,2026-07-02,3007.77
EMP-10836,Pinnacle Pharma Labs Ltd,harish.trivedi10836@pinnaclepharmalabs.in,22-10-1965,NEW_HIRE_ADDITION,SELF,2026-02-09,,,,3251.47
EMP-10837,Pinnacle Pharma Labs Ltd,anjali.nair10837@pinnaclepharmalabs.in,09-01-1984,RESIGNATION_DELETION,SELF,,2026-12-25,,,5484.96
EMP-10838,Sundale Agro Exports Pvt Ltd,karan.chatterjee10838@sundaleagroexports.in,22-10-1969,LIFE_EVENT_ADDITION,SPOUSE,,,2026-07-17,2026-07-21,2935.63
EMP-10839,Harborline Shipping & Freight Pvt Ltd,vidya.mishra10839@harborlineshippingandfreight.in,28-08-1977,DEPENDENT_MODIFICATION,CHILD,2026-05-01,,,,1889.85
EMP-10840,Meridian Energy Systems Pvt Ltd,suresh.bhatia10840@meridianenergysystems.in,17-03-1971,NEW_HIRE_ADDITION,SELF,2026-10-18,,,,7073.18
EMP-10841,Granite Infra Projects Ltd,arjun.bansal10841@graniteinfraprojects.in,15-11-1966,RESIGNATION_DELETION,SELF,,2026-07-22,,,5618.70
EMP-10842,Zenith Auto Components Ltd,gaurav.desai10842@zenithautocomponents.in,11-06-1971,RESIGNATION_DELETION,SELF|SPOUSE|CHILD,,2026-07-06,,,6166.92
EMP-10843,Vertex Semiconductors India Pvt Ltd,karan.kulkarni10843@vertexsemiconductors.in,19-12-1998,LIFE_EVENT_ADDITION,SPOUSE,,,2026-11-23,2026-12-13,932.42
EMP-10844,Crestview Retail Ventures Pvt Ltd,aditya.singh10844@crestviewretailventures.in,20-06-1974,RESIGNATION_DELETION,SELF|SPOUSE|CHILD,,2026-04-24,,,2437.37
EMP-10845,Silverline Textiles Pvt Ltd,amit.mehta10845@silverlinetextiles.in,20-11-1979,NEW_HIRE_ADDITION,SELF|CHILD,2026-03-13,,,,3463.73
EMP-10846,Nimbus Cloudworks Pvt Ltd,gaurav.rao10846@nimbuscloudworks.in,21-03-1972,NEW_HIRE_ADDITION,SELF,2026-10-11,,,,3878.51
EMP-10847,Crestview Retail Ventures Pvt Ltd,karan.singh10847@crestviewretailventures.in,20-04-1997,NEW_HIRE_ADDITION,SELF|SPOUSE|CHILD,2026-04-30,,,,4588.96
EMP-10848,Meridian Energy Systems Pvt Ltd,pooja.shetty10848@meridianenergysystems.in,28-12-1970,DEPENDENT_MODIFICATION,SPOUSE|SPOUSE,2026-08-26,,,,1707.04
EMP-10849,TechCorp India Pvt Ltd,harish.desai10849@techcorp.in,12-04-1982,NEW_HIRE_ADDITION,SELF|SPOUSE,2026-10-09,,,,4983.17
EMP-10850,Harborline Shipping & Freight Pvt Ltd,siddharth.saxena10850@harborlineshippingandfreight.in,12-06-1985,DEPENDENT_MODIFICATION,PARENT,2026-12-29,,,,1071.41
EMP-10851,Granite Infra Projects Ltd,bhavna.nair10851@graniteinfraprojects.in,27-02-1981,DEPENDENT_MODIFICATION,SPOUSE,2026-09-01,,,,1941.90
EMP-10852,Meridian Energy Systems Pvt Ltd,nikhil.mehta10852@meridianenergysystems.in,31-07-1985,NEW_HIRE_ADDITION,SELF,2026-03-26,,,,2137.66
EMP-10853,Vertex Semiconductors India Pvt Ltd,aditya.mehta10853@vertexsemiconductors.in,18-06-1969,RESIGNATION_DELETION,SELF|SPOUSE|CHILD,,2026-10-20,,,1030.24
EMP-10854,Sundale Agro Exports Pvt Ltd,mohit.roy10854@sundaleagroexports.in,09-04-1998,DEPENDENT_MODIFICATION,PARENT,2026-11-03,,,,1847.59
EMP-10855,Crestview Retail Ventures Pvt Ltd,karan.yadav10855@crestviewretailventures.in,15-09-1979,DEPENDENT_MODIFICATION,CHILD,2026-03-20,,,,216.63
EMP-10856,Pinnacle Pharma Labs Ltd,gaurav.menon10856@pinnaclepharmalabs.in,16-10-1988,LIFE_EVENT_ADDITION,CHILD,,,2026-02-25,2026-05-20,2785.41
EMP-10857,Pinnacle Pharma Labs Ltd,aditya.trivedi10857@pinnaclepharmalabs.in,25-01-1984,RESIGNATION_DELETION,SELF,,2026-09-03,,,6275.42
EMP-10858,Pinnacle Pharma Labs Ltd,deepak.yadav10858@pinnaclepharmalabs.in,16-03-1971,NEW_HIRE_ADDITION,SELF|CHILD,2026-09-22,,,,1916.01
EMP-10859,Orbit Fintech Solutions Pvt Ltd,vikram.malhotra10859@orbitfintechsolutions.in,24-01-1965,RESIGNATION_DELETION,SELF|SPOUSE|CHILD,,2026-02-08,,,7386.33
EMP-10860,Ferrous Steel Works Pvt Ltd,manish.yadav10860@ferroussteelworks.in,27-08-1971,LIFE_EVENT_ADDITION,CHILD,,,2026-05-30,2026-06-21,1230.53
EMP-10861,Meridian Energy Systems Pvt Ltd,priya.reddy10861@meridianenergysystems.in,07-10-2005,NEW_HIRE_ADDITION,SELF,2026-11-27,,,,4633.97
EMP-10862,Meridian Energy Systems Pvt Ltd,sanjay.menon10862@meridianenergysystems.in,20-12-1999,RESIGNATION_DELETION,SELF|SPOUSE,,2026-11-06,,,6954.81
EMP-10863,Zenith Auto Components Ltd,shreya.khanna10863@zenithautocomponents.in,04-02-1984,LIFE_EVENT_ADDITION,CHILD,,,2026-05-15,2026-05-31,1528.44
EMP-10864,Pinnacle Pharma Labs Ltd,gaurav.khanna10864@pinnaclepharmalabs.in,16-01-1969,NEW_HIRE_ADDITION,SELF|CHILD,2026-12-04,,,,2427.53
EMP-10865,Meridian Energy Systems Pvt Ltd,ira.desai10865@meridianenergysystems.in,03-01-1985,RESIGNATION_DELETION,SELF|CHILD,,2026-04-16,,,4812.62
EMP-10866,Harborline Shipping & Freight Pvt Ltd,manish.trivedi10866@harborlineshippingandfreight.in,07-03-1998,RESIGNATION_DELETION,SELF|SPOUSE|CHILD,,2026-02-18,,,5957.17
EMP-10867,TechCorp India Pvt Ltd,simran.malhotra10867@techcorp.in,13-04-1972,DEPENDENT_MODIFICATION,CHILD,2026-05-20,,,,764.41
EMP-10868,Coral Reef Hospitality Pvt Ltd,ashish.bansal10868@coralreefhospitality.in,14-11-1992,DEPENDENT_MODIFICATION,SPOUSE,2026-05-17,,,,953.31
EMP-10869,TechCorp India Pvt Ltd,aditya.bhatia10869@techcorp.in,05-10-1976,LIFE_EVENT_ADDITION,CHILD,,,2026-01-21,2026-02-06,1134.28
EMP-10870,Nimbus Cloudworks Pvt Ltd,anjali.reddy10870@nimbuscloudworks.in,02-08-1975,RESIGNATION_DELETION,SELF|SPOUSE|CHILD,,2026-10-05,,,3110.63
EMP-10871,Meridian Energy Systems Pvt Ltd,siddharth.chauhan10871@meridianenergysystems.in,07-11-1977,RESIGNATION_DELETION,SELF|CHILD,,2026-08-15,,,7027.70
EMP-10872,TechCorp India Pvt Ltd,pooja.trivedi10872@techcorp.in,11-07-1971,LIFE_EVENT_ADDITION,SPOUSE,,,2026-03-27,2026-08-23,1852.03
EMP-10873,Pinnacle Pharma Labs Ltd,bhavna.singh10873@pinnaclepharmalabs.in,21-12-2002,NEW_HIRE_ADDITION,SELF|SPOUSE|CHILD,2026-01-02,,,,6740.11
EMP-10874,TechCorp India Pvt Ltd,pooja.verma10874@techcorp.in,17-07-1975,DEPENDENT_MODIFICATION,PARENT,2026-02-26,,,,587.70
EMP-10875,Nimbus Cloudworks Pvt Ltd,nikhil.mishra10875@nimbuscloudworks.in,16-11-1975,NEW_HIRE_ADDITION,SELF,2026-03-16,,,,2116.39
EMP-10876,Northgate Consulting Group Pvt Ltd,kritika.bansal10876@northgateconsultinggroup.in,04-06-1989,LIFE_EVENT_ADDITION,CHILD,,,2026-04-10,2026-04-12,2257.38
EMP-10877,Meridian Energy Systems Pvt Ltd,payal.kulkarni10877@meridianenergysystems.in,22-06-1983,DEPENDENT_MODIFICATION,SPOUSE,2026-10-18,,,,1547.61
EMP-10878,Pinnacle Pharma Labs Ltd,harish.sharma10878@pinnaclepharmalabs.in,22-07-1992,NEW_HIRE_ADDITION,SELF|SPOUSE,2026-08-30,,,,1996.68
EMP-10879,Pinnacle Pharma Labs Ltd,priya.das10879@pinnaclepharmalabs.in,15-04-1975,NEW_HIRE_ADDITION,SELF|SPOUSE,2026-03-19,,,,1602.30
EMP-10880,Granite Infra Projects Ltd,kavita.malhotra10880@graniteinfraprojects.in,22-02-1999,NEW_HIRE_ADDITION,SELF|SPOUSE|CHILD,2026-05-26,,,,3403.27
EMP-10881,Silverline Textiles Pvt Ltd,suresh.roy10881@silverlinetextiles.in,11-04-1979,RESIGNATION_DELETION,SELF,,2026-03-26,,,5032.52
EMP-10882,Sundale Agro Exports Pvt Ltd,rakesh.joshi10882@sundaleagroexports.in,03-05-1996,RESIGNATION_DELETION,SELF|CHILD,,2026-03-23,,,3070.45
EMP-10883,Meridian Energy Systems Pvt Ltd,bhavna.bhatia10883@meridianenergysystems.in,05-10-1971,DEPENDENT_MODIFICATION,CHILD,2026-11-28,,,,37.53
EMP-10884,Nimbus Cloudworks Pvt Ltd,rakesh.roy10884@nimbuscloudworks.in,01-04-1969,NEW_HIRE_ADDITION,SELF|SPOUSE|CHILD,2026-02-25,,,,5364.17
EMP-10885,Zenith Auto Components Ltd,vivek.chatterjee10885@zenithautocomponents.in,27-01-1969,RESIGNATION_DELETION,SELF|SPOUSE,,2026-10-23,,,6696.55
EMP-10886,Pinnacle Pharma Labs Ltd,tarun.chauhan10886@pinnaclepharmalabs.in,07-12-1988,LIFE_EVENT_ADDITION,CHILD,,,2026-06-21,2026-09-14,2835.58
EMP-10887,Zenith Auto Components Ltd,amit.bhatia10887@zenithautocomponents.in,26-02-1970,LIFE_EVENT_ADDITION,SPOUSE,,,2026-10-28,2026-11-16,1761.82
EMP-10888,Silverline Textiles Pvt Ltd,mohit.trivedi10888@silverlinetextiles.in,14-09-1974,DEPENDENT_MODIFICATION,SPOUSE,2026-11-21,,,,32.27
EMP-10889,Bluewave Logistics India Pvt Ltd,lakshmi.sharma10889@bluewavelogistics.in,24-11-1977,LIFE_EVENT_ADDITION,CHILD,,,2026-11-25,2026-12-05,2581.54
EMP-10890,Meridian Energy Systems Pvt Ltd,yash.bansal10890@meridianenergysystems.in,31-12-1984,NEW_HIRE_ADDITION,SELF|CHILD,2026-07-17,,,,7450.03
EMP-10891,Vertex Semiconductors India Pvt Ltd,swati.gupta10891@vertexsemiconductors.in,13-04-1983,LIFE_EVENT_ADDITION,CHILD,,,2026-06-03,2026-06-09,2609.57
EMP-10892,Meridian Energy Systems Pvt Ltd,naveen.sharma10892@meridianenergysystems.in,03-09-2002,LIFE_EVENT_ADDITION,CHILD,,,2026-05-14,2026-05-16,2493.68
EMP-10893,Zenith Auto Components Ltd,neha.bansal10893@zenithautocomponents.in,13-01-1985,DEPENDENT_MODIFICATION,PARENT,2026-12-03,,,,1900.16
EMP-10894,TechCorp India Pvt Ltd,rahul.bose10894@techcorp.in,31-10-1972,LIFE_EVENT_ADDITION,SPOUSE,,,2026-07-09,2026-07-09,1518.06
EMP-10895,Harborline Shipping & Freight Pvt Ltd,gaurav.mehta10895@harborlineshippingandfreight.in,23-09-1982,LIFE_EVENT_ADDITION,CHILD,,,2026-04-12,2026-04-16,1852.03
EMP-10896,Northgate Consulting Group Pvt Ltd,shreya.roy10896@northgateconsultinggroup.in,03-09-1977,LIFE_EVENT_ADDITION,SPOUSE,,,2026-08-02,2026-12-08,2098.88
EMP-10897,Pinnacle Pharma Labs Ltd,tanvi.bansal10897@pinnaclepharmalabs.in,07-08-1978,RESIGNATION_DELETION,SELF|SPOUSE,,2026-01-11,,,7490.44
EMP-10898,Northgate Consulting Group Pvt Ltd,kavita.sharma10898@northgateconsultinggroup.in,27-10-1991,LIFE_EVENT_ADDITION,CHILD,,,2026-08-16,2026-08-26,1254.94
EMP-10899,Orbit Fintech Solutions Pvt Ltd,ananya.singh10899@orbitfintechsolutions.in,11-03-1977,NEW_HIRE_ADDITION,SELF|CHILD,2026-12-17,,,,4278.16
EMP-10900,Meridian Energy Systems Pvt Ltd,priya.menon10900@meridianenergysystems.in,06-03-1999,DEPENDENT_MODIFICATION,PARENT_IN_LAW,2026-08-21,,,,577.13
EMP-10901,Sundale Agro Exports Pvt Ltd,vivek.chatterjee10901@sundaleagroexports.in,02-11-1990,NEW_HIRE_ADDITION,SELF|CHILD,2026-08-20,,,,6405.57
EMP-10902,Nimbus Cloudworks Pvt Ltd,kavita.agarwal10902@nimbuscloudworks.in,06-07-1973,RESIGNATION_DELETION,SELF|SPOUSE|CHILD,,2026-07-15,,,6008.76
EMP-10903,Nimbus Cloudworks Pvt Ltd,karan.shetty10903@nimbuscloudworks.in,03-12-1982,NEW_HIRE_ADDITION,SELF|CHILD,2026-03-12,,,,2417.80
EMP-10904,Bluewave Logistics India Pvt Ltd,varun.singh10904@bluewavelogistics.in,07-02-1982,NEW_HIRE_ADDITION,SELF|SPOUSE,2026-05-30,,,,2803.75
EMP-10905,Zenith Auto Components Ltd,mohit.nair10905@zenithautocomponents.in,22-09-1990,RESIGNATION_DELETION,SELF|SPOUSE,,2026-11-30,,,1899.26
EMP-10906,Northgate Consulting Group Pvt Ltd,naveen.bose10906@northgateconsultinggroup.in,04-08-1972,RESIGNATION_DELETION,SELF|SPOUSE|CHILD,,2026-06-08,,,6929.86
EMP-10907,Vertex Semiconductors India Pvt Ltd,aakash.roy10907@vertexsemiconductors.in,27-09-2001,NEW_HIRE_ADDITION,SELF|SPOUSE,2026-10-16,,,,3175.58
EMP-10908,Northgate Consulting Group Pvt Ltd,mohit.bhatia10908@northgateconsultinggroup.in,21-01-1976,NEW_HIRE_ADDITION,SELF|CHILD,2026-09-21,,,,5884.54
EMP-10909,TechCorp India Pvt Ltd,simran.singh10909@techcorp.in,30-08-2000,DEPENDENT_MODIFICATION,SPOUSE|SPOUSE,2026-05-23,,,,831.37
EMP-10910,Harborline Shipping & Freight Pvt Ltd,harish.kulkarni10910@harborlineshippingandfreight.in,19-04-1989,NEW_HIRE_ADDITION,SELF|CHILD,2026-11-03,,,,4864.66
EMP-10911,Northgate Consulting Group Pvt Ltd,charu.sharma10911@northgateconsultinggroup.in,11-06-1986,RESIGNATION_DELETION,SELF|SPOUSE,,2026-08-07,,,5306.16
EMP-10912,Sundale Agro Exports Pvt Ltd,nikhil.singh10912@sundaleagroexports.in,24-08-1989,NEW_HIRE_ADDITION,SELF,2026-12-31,,,,4939.56
EMP-10913,Harborline Shipping & Freight Pvt Ltd,karan.chatterjee10913@harborlineshippingandfreight.in,05-12-1999,RESIGNATION_DELETION,SELF,,2026-10-13,,,6373.89
EMP-10914,Zenith Auto Components Ltd,tanvi.roy10914@zenithautocomponents.in,22-02-1996,DEPENDENT_MODIFICATION,PARENT,2026-09-07,,,,1013.21
EMP-10915,Orbit Fintech Solutions Pvt Ltd,simran.pillai10915@orbitfintechsolutions.in,26-12-1968,DEPENDENT_MODIFICATION,SPOUSE,2026-10-24,,,,50.84
EMP-10916,TechCorp India Pvt Ltd,shreya.trivedi10916@techcorp.in,07-10-2005,LIFE_EVENT_ADDITION,SPOUSE,,,2026-01-11,2026-02-03,3357.60
EMP-10917,Pinnacle Pharma Labs Ltd,ananya.chatterjee10917@pinnaclepharmalabs.in,12-08-1989,LIFE_EVENT_ADDITION,CHILD,,,2026-12-13,2026-12-18,303.48
EMP-10918,TechCorp India Pvt Ltd,vikram.kapoor10918@techcorp.in,30-10-1968,RESIGNATION_DELETION,SELF,,2026-06-26,,,3326.45
EMP-10919,Ferrous Steel Works Pvt Ltd,ira.bansal10919@ferroussteelworks.in,12-03-1995,LIFE_EVENT_ADDITION,SPOUSE,,,2026-01-02,2026-01-22,2807.41
EMP-10920,Silverline Textiles Pvt Ltd,ira.saxena10920@silverlinetextiles.in,17-08-1971,DEPENDENT_MODIFICATION,CHILD|CHILD,2026-08-14,,,,998.11
EMP-10921,Coral Reef Hospitality Pvt Ltd,gaurav.chauhan10921@coralreefhospitality.in,26-12-1998,RESIGNATION_DELETION,SELF|CHILD,,2026-06-21,,,2355.27
EMP-10922,Harborline Shipping & Freight Pvt Ltd,sneha.reddy10922@harborlineshippingandfreight.in,24-11-2000,NEW_HIRE_ADDITION,SELF|SPOUSE,2026-04-12,,,,2923.88
EMP-10923,Orbit Fintech Solutions Pvt Ltd,bhavna.saxena10923@orbitfintechsolutions.in,18-09-1994,DEPENDENT_MODIFICATION,CHILD,2026-12-16,,,,1092.90
EMP-10924,TechCorp India Pvt Ltd,sneha.gupta10924@techcorp.in,16-05-1992,RESIGNATION_DELETION,SELF|CHILD,,2026-09-19,,,5780.51
EMP-10925,Harborline Shipping & Freight Pvt Ltd,preeti.sharma10925@harborlineshippingandfreight.in,07-10-1972,LIFE_EVENT_ADDITION,SPOUSE,,,2026-02-07,2026-04-09,3016.52
EMP-10926,Crestview Retail Ventures Pvt Ltd,rajesh.iyer10926@crestviewretailventures.in,03-02-2004,RESIGNATION_DELETION,SELF|SPOUSE,,2026-03-04,,,4477.25
EMP-10927,Zenith Auto Components Ltd,manish.chauhan10927@zenithautocomponents.in,23-09-2000,RESIGNATION_DELETION,SELF|CHILD,,2026-03-04,,,1460.63
EMP-10928,Zenith Auto Components Ltd,simran.bansal10928@zenithautocomponents.in,30-03-1981,LIFE_EVENT_ADDITION,CHILD,,,2026-07-17,2026-08-25,3371.22
EMP-10929,Pinnacle Pharma Labs Ltd,juhi.yadav10929@pinnaclepharmalabs.in,13-06-1985,DEPENDENT_MODIFICATION,CHILD|CHILD,2026-07-17,,,,998.95
EMP-10930,Ferrous Steel Works Pvt Ltd,harish.menon10930@ferroussteelworks.in,21-02-1975,RESIGNATION_DELETION,SELF,,2026-07-09,,,5094.21
EMP-10931,TechCorp India Pvt Ltd,swati.bansal10931@techcorp.in,28-07-2001,LIFE_EVENT_ADDITION,SPOUSE,,,2026-08-12,2026-08-27,520.84
EMP-10932,Nimbus Cloudworks Pvt Ltd,rajesh.joshi10932@nimbuscloudworks.in,22-11-1965,NEW_HIRE_ADDITION,SELF|SPOUSE|CHILD,2026-05-27,,,,1437.13
EMP-10933,Vertex Semiconductors India Pvt Ltd,ashish.kapoor10933@vertexsemiconductors.in,10-07-1965,NEW_HIRE_ADDITION,SELF|CHILD,2026-08-23,,,,3332.48
EMP-10934,Granite Infra Projects Ltd,kritika.bhatia10934@graniteinfraprojects.in,07-06-1969,RESIGNATION_DELETION,SELF,,2026-04-19,,,5213.29
EMP-10935,Bluewave Logistics India Pvt Ltd,varun.malhotra10935@bluewavelogistics.in,01-07-1974,DEPENDENT_MODIFICATION,SPOUSE,2026-06-21,,,,1917.38
EMP-10936,Zenith Auto Components Ltd,arjun.chatterjee10936@zenithautocomponents.in,20-06-1987,NEW_HIRE_ADDITION,SELF|CHILD,2026-04-08,,,,3014.33
EMP-10937,Zenith Auto Components Ltd,nisha.yadav10937@zenithautocomponents.in,05-11-1976,DEPENDENT_MODIFICATION,CHILD|CHILD|CHILD,2026-10-30,,,,562.86
EMP-10938,Orbit Fintech Solutions Pvt Ltd,vivek.khanna10938@orbitfintechsolutions.in,31-05-1982,NEW_HIRE_ADDITION,SELF|SPOUSE|CHILD,2026-07-11,,,,4240.50
EMP-10939,Vertex Semiconductors India Pvt Ltd,divya.saxena10939@vertexsemiconductors.in,27-08-1981,NEW_HIRE_ADDITION,SELF,2026-04-30,,,,5186.01
EMP-10940,Granite Infra Projects Ltd,meera.das10940@graniteinfraprojects.in,22-07-1988,DEPENDENT_MODIFICATION,CHILD|CHILD,2026-05-22,,,,1630.51
EMP-10941,Sundale Agro Exports Pvt Ltd,nisha.kulkarni10941@sundaleagroexports.in,30-01-1982,RESIGNATION_DELETION,SELF,,2026-02-03,,,1596.36
EMP-10942,Vertex Semiconductors India Pvt Ltd,divya.kapoor10942@vertexsemiconductors.in,06-08-1993,LIFE_EVENT_ADDITION,SPOUSE,,,2026-07-03,2026-08-01,1623.72
EMP-10943,Ferrous Steel Works Pvt Ltd,nisha.khanna10943@ferroussteelworks.in,10-05-2003,LIFE_EVENT_ADDITION,SPOUSE,,,2026-02-23,2026-05-07,1418.55
EMP-10944,Ferrous Steel Works Pvt Ltd,rekha.khanna10944@ferroussteelworks.in,30-07-2003,RESIGNATION_DELETION,SELF|SPOUSE|CHILD,,2026-04-18,,,5394.77
EMP-10945,Crestview Retail Ventures Pvt Ltd,swati.nair10945@crestviewretailventures.in,04-07-1992,RESIGNATION_DELETION,SELF|SPOUSE|CHILD,,2026-09-06,,,2894.63
EMP-10946,Pinnacle Pharma Labs Ltd,naveen.nair10946@pinnaclepharmalabs.in,06-02-1986,DEPENDENT_MODIFICATION,SPOUSE,2026-05-09,,,,1988.59
EMP-10947,Sundale Agro Exports Pvt Ltd,naveen.singh10947@sundaleagroexports.in,10-12-1998,RESIGNATION_DELETION,SELF|SPOUSE|CHILD,,2026-08-29,,,4941.66
EMP-10948,Meridian Energy Systems Pvt Ltd,vikram.yadav10948@meridianenergysystems.in,19-11-1996,LIFE_EVENT_ADDITION,CHILD,,,2026-08-27,2026-11-08,1633.81
EMP-10949,Bluewave Logistics India Pvt Ltd,vikram.nair10949@bluewavelogistics.in,03-11-1968,DEPENDENT_MODIFICATION,CHILD|CHILD|CHILD,2026-06-25,,,,1235.78
EMP-10950,Nimbus Cloudworks Pvt Ltd,divya.agarwal10950@nimbuscloudworks.in,21-04-1992,RESIGNATION_DELETION,SELF|SPOUSE|CHILD,,2026-01-20,,,6149.72
EMP-10951,Pinnacle Pharma Labs Ltd,swati.kulkarni10951@pinnaclepharmalabs.in,28-04-1994,RESIGNATION_DELETION,SELF|SPOUSE|CHILD,,2026-09-10,,,3183.87
EMP-10952,Northgate Consulting Group Pvt Ltd,siddharth.verma10952@northgateconsultinggroup.in,16-11-1970,RESIGNATION_DELETION,SELF|SPOUSE,,2026-09-22,,,5813.83
EMP-10953,Vertex Semiconductors India Pvt Ltd,juhi.desai10953@vertexsemiconductors.in,01-04-1980,NEW_HIRE_ADDITION,SELF|CHILD,2026-11-29,,,,2348.55
EMP-10954,Crestview Retail Ventures Pvt Ltd,shreya.reddy10954@crestviewretailventures.in,28-01-1970,LIFE_EVENT_ADDITION,CHILD,,,2026-02-26,2026-03-16,2492.48
EMP-10955,Pinnacle Pharma Labs Ltd,charu.desai10955@pinnaclepharmalabs.in,04-07-1973,NEW_HIRE_ADDITION,SELF|SPOUSE,2026-12-25,,,,3634.05
EMP-10956,Crestview Retail Ventures Pvt Ltd,shreya.shetty10956@crestviewretailventures.in,27-01-1997,RESIGNATION_DELETION,SELF|SPOUSE,,2026-03-15,,,7295.17
EMP-10957,Granite Infra Projects Ltd,ashish.joshi10957@graniteinfraprojects.in,28-02-1981,DEPENDENT_MODIFICATION,CHILD|CHILD,2026-12-24,,,,207.34
EMP-10958,Nimbus Cloudworks Pvt Ltd,simran.bose10958@nimbuscloudworks.in,11-04-1971,LIFE_EVENT_ADDITION,CHILD,,,2026-07-09,2026-07-21,437.17
EMP-10959,Silverline Textiles Pvt Ltd,rahul.mishra10959@silverlinetextiles.in,08-05-1971,NEW_HIRE_ADDITION,SELF|SPOUSE,2026-06-03,,,,2311.88
EMP-10960,Crestview Retail Ventures Pvt Ltd,pooja.pillai10960@crestviewretailventures.in,07-02-1978,RESIGNATION_DELETION,SELF|SPOUSE|CHILD,,2026-11-17,,,3418.00
EMP-10961,Sundale Agro Exports Pvt Ltd,juhi.iyer10961@sundaleagroexports.in,05-05-2001,RESIGNATION_DELETION,SELF,,2026-05-11,,,1069.78
EMP-10962,Northgate Consulting Group Pvt Ltd,rajesh.mehta10962@northgateconsultinggroup.in,01-08-1993,DEPENDENT_MODIFICATION,PARENT_IN_LAW,2026-10-04,,,,1933.90
EMP-10963,Northgate Consulting Group Pvt Ltd,payal.agarwal10963@northgateconsultinggroup.in,15-08-1984,NEW_HIRE_ADDITION,SELF|CHILD,2026-12-21,,,,3560.88
EMP-10964,Vertex Semiconductors India Pvt Ltd,aditya.sharma10964@vertexsemiconductors.in,16-11-1997,DEPENDENT_MODIFICATION,CHILD|CHILD|CHILD,2026-02-22,,,,1471.50
EMP-10965,Zenith Auto Components Ltd,divya.singh10965@zenithautocomponents.in,29-05-1995,RESIGNATION_DELETION,SELF|SPOUSE,,2026-07-26,,,1189.45
EMP-10966,Vertex Semiconductors India Pvt Ltd,vikram.joshi10966@vertexsemiconductors.in,13-07-1980,NEW_HIRE_ADDITION,SELF|CHILD,2026-03-07,,,,1197.60
EMP-10967,Coral Reef Hospitality Pvt Ltd,ashish.bose10967@coralreefhospitality.in,01-01-1965,DEPENDENT_MODIFICATION,CHILD|CHILD,2026-03-15,,,,228.02
EMP-10968,Granite Infra Projects Ltd,anjali.khanna10968@graniteinfraprojects.in,29-11-1976,LIFE_EVENT_ADDITION,SPOUSE,,,2026-10-26,2026-11-04,1723.97
EMP-10969,Bluewave Logistics India Pvt Ltd,sanjay.trivedi10969@bluewavelogistics.in,29-10-1983,LIFE_EVENT_ADDITION,SPOUSE,,,2026-12-14,2027-01-02,878.66
EMP-10970,Pinnacle Pharma Labs Ltd,priya.nair10970@pinnaclepharmalabs.in,24-04-1999,RESIGNATION_DELETION,SELF|CHILD,,2026-12-22,,,6374.30
EMP-10971,Crestview Retail Ventures Pvt Ltd,tanvi.khanna10971@crestviewretailventures.in,15-08-1992,DEPENDENT_MODIFICATION,PARENT_IN_LAW,2026-07-19,,,,1121.88
EMP-10972,Coral Reef Hospitality Pvt Ltd,charu.gupta10972@coralreefhospitality.in,07-08-1980,RESIGNATION_DELETION,SELF,,2026-03-25,,,3979.03
EMP-10973,Zenith Auto Components Ltd,rekha.bose10973@zenithautocomponents.in,29-03-1970,RESIGNATION_DELETION,SELF|SPOUSE,,2026-08-28,,,4035.12
EMP-10974,Coral Reef Hospitality Pvt Ltd,priya.bhatia10974@coralreefhospitality.in,28-11-1994,LIFE_EVENT_ADDITION,CHILD,,,2026-07-07,2026-07-13,2660.83
EMP-10975,Meridian Energy Systems Pvt Ltd,deepak.mehta10975@meridianenergysystems.in,03-09-1968,NEW_HIRE_ADDITION,SELF|SPOUSE,2026-02-04,,,,4518.38
EMP-10976,Crestview Retail Ventures Pvt Ltd,tarun.yadav10976@crestviewretailventures.in,15-09-2003,DEPENDENT_MODIFICATION,SPOUSE,2026-07-03,,,,1842.39
EMP-10977,Harborline Shipping & Freight Pvt Ltd,vikram.yadav10977@harborlineshippingandfreight.in,24-08-1983,NEW_HIRE_ADDITION,SELF|CHILD,2026-08-20,,,,1746.88
EMP-10978,Harborline Shipping & Freight Pvt Ltd,payal.desai10978@harborlineshippingandfreight.in,26-11-1986,RESIGNATION_DELETION,SELF|CHILD,,2026-09-04,,,1053.58
EMP-10979,Harborline Shipping & Freight Pvt Ltd,vivek.das10979@harborlineshippingandfreight.in,07-03-1985,RESIGNATION_DELETION,SELF|CHILD,,2026-06-02,,,1084.50
EMP-10980,Harborline Shipping & Freight Pvt Ltd,meera.desai10980@harborlineshippingandfreight.in,04-11-1982,LIFE_EVENT_ADDITION,CHILD,,,2026-01-06,2026-01-24,1455.32
EMP-10981,Silverline Textiles Pvt Ltd,simran.chauhan10981@silverlinetextiles.in,27-04-1993,RESIGNATION_DELETION,SELF|SPOUSE|CHILD,,2026-11-06,,,1759.01
EMP-10982,Meridian Energy Systems Pvt Ltd,amit.chauhan10982@meridianenergysystems.in,08-11-1984,LIFE_EVENT_ADDITION,SPOUSE,,,2026-11-04,2026-12-01,1049.00
EMP-10983,Granite Infra Projects Ltd,simran.iyer10983@graniteinfraprojects.in,06-08-1970,DEPENDENT_MODIFICATION,PARENT|PARENT_IN_LAW,2026-04-23,,,,570.25
EMP-10984,Orbit Fintech Solutions Pvt Ltd,priya.pillai10984@orbitfintechsolutions.in,09-01-1984,NEW_HIRE_ADDITION,SELF,2026-11-03,,,,6657.30
EMP-10985,Bluewave Logistics India Pvt Ltd,pooja.nair10985@bluewavelogistics.in,08-12-2001,NEW_HIRE_ADDITION,SELF,2026-11-27,,,,1284.76
EMP-10986,Northgate Consulting Group Pvt Ltd,tanvi.malhotra10986@northgateconsultinggroup.in,10-04-1998,LIFE_EVENT_ADDITION,SPOUSE,,,2026-04-23,2026-08-27,933.92
EMP-10987,Sundale Agro Exports Pvt Ltd,deepak.menon10987@sundaleagroexports.in,07-03-1976,LIFE_EVENT_ADDITION,CHILD,,,2026-03-08,2026-03-16,440.28
EMP-10988,Harborline Shipping & Freight Pvt Ltd,priya.das10988@harborlineshippingandfreight.in,15-10-1975,LIFE_EVENT_ADDITION,CHILD,,,2026-10-09,2026-10-30,1451.74
EMP-10989,Coral Reef Hospitality Pvt Ltd,swati.trivedi10989@coralreefhospitality.in,13-03-1979,LIFE_EVENT_ADDITION,CHILD,,,2026-08-07,2026-08-27,2644.10
EMP-10990,Zenith Auto Components Ltd,deepak.roy10990@zenithautocomponents.in,02-04-1973,NEW_HIRE_ADDITION,SELF|SPOUSE,2026-11-28,,,,1951.19
EMP-10991,Bluewave Logistics India Pvt Ltd,juhi.iyer10991@bluewavelogistics.in,25-07-2003,LIFE_EVENT_ADDITION,CHILD,,,2026-12-18,2027-01-12,2581.41
EMP-10992,Granite Infra Projects Ltd,harish.mishra10992@graniteinfraprojects.in,17-02-1993,LIFE_EVENT_ADDITION,SPOUSE,,,2026-09-11,2026-09-17,2100.51
EMP-10993,Pinnacle Pharma Labs Ltd,kritika.agarwal10993@pinnaclepharmalabs.in,31-01-1997,LIFE_EVENT_ADDITION,SPOUSE,,,2026-04-17,2026-07-18,1146.07
